failure_type,severity,ginr_request_id,inr_id,cr_id,company_name,resource_type,inr_type,cr_status,days_in_pending,fis_fee,fis_fee_paid,ss_fee,ss_fee_paid,analysis_fee,analysis_fee_paid,payment_trans_id,payment_date,amount_paid,amount_at_risk,first_name,last_name,issue_detail,detected_date
FIS_FEE_UNPAID,CRITICAL,2000,INR25-2000,CR-100000,Invenergy,CONVENTIONAL,SS,READY_FOR_MODELING,55,0,True,5000,True,0,True,AUTH-39345092,2026-04-24,1227.66,3772.34,Sarah,Wilson,Synthetic payment failure generated for RAG training - FIS_FEE_UNPAID,2026-04-24
FIS_FEE_UNPAID,CRITICAL,2001,INR25-2001,CR-100001,EDF Renewables,SOLAR,SS,READY_FOR_MODELING,55,0,False,5000,False,0,True,AUTH-38898923,2026-04-05,2470.65,2529.35,Mike,Smith,Synthetic payment failure generated for RAG training - FIS_FEE_UNPAID,2026-04-05
FIS_FEE_UNPAID,CRITICAL,2007,INR25-2007,CR-100007,Vesper Energy,SOLAR,FIS_SS,READY_FOR_MODELING,15,10000,False,5000,False,7500,True,AUTH-49392920,2026-04-02,13095.58,9404.42,David,Jones,Synthetic payment failure generated for RAG training - FIS_FEE_UNPAID,2026-04-02
PAYMENT_AMOUNT_MISMATCH,HIGH,2025,INR25-2025,CR-100025,EDF Renewables,WIND,FIS_SS,IN_REVIEW,5,10000,True,5000,False,0,False,AUTH-52101056,2026-04-25,1903.14,13096.86,David,Wilson,Synthetic payment failure generated for RAG training - PAYMENT_AMOUNT_MISMATCH,2026-04-25
ANALYSIS_FEE_OUTSTANDING,HIGH,2027,INR25-2027,CR-100027,Calpine,ESR,FIS_SS,IN_REVIEW,71,0,True,5000,True,7500,False,AUTH-99245317,2026-04-16,9169.78,3330.22,David,Jones,Synthetic payment failure generated for RAG training - ANALYSIS_FEE_OUTSTANDING,2026-04-16
PAYMENT_AMOUNT_MISMATCH,HIGH,2028,INR25-2028,CR-100028,Clearway Energy,ESR,FIS_SS,READY_FOR_MODELING,84,10000,False,5000,False,0,False,AUTH-69345683,2026-04-12,5013.94,9986.06,Emma,Jones,Synthetic payment failure generated for RAG training - PAYMENT_AMOUNT_MISMATCH,2026-04-12
DUPLICATE_PAYMENT,MEDIUM,2081,INR25-2081,CR-100081,EDF Renewables,BATTERY,FIS,PENDING_REVIEW,24,0,True,5000,False,0,True,AUTH-29042093,2026-04-11,992.29,4007.71,Emma,Smith,Synthetic payment failure generated for RAG training - DUPLICATE_PAYMENT,2026-04-11
SS_FEE_UNPAID,CRITICAL,2092,INR25-2092,CR-100092,Calpine,CONVENTIONAL,SS,READY_FOR_MODELING,83,10000,False,5000,True,7500,False,AUTH-22684373,2026-04-09,9588.56,12911.44,Lisa,Davis,Synthetic payment failure generated for RAG training - SS_FEE_UNPAID,2026-04-09
ABANDONED_PENDING_REQUEST,MEDIUM,2094,INR25-2094,CR-100094,Apex Clean Energy,CONVENTIONAL,FIS,PENDING_REVIEW,47,10000,False,0,True,0,True,AUTH-55866538,2026-04-26,7106.27,2893.73,David,Jones,Synthetic payment failure generated for RAG training - ABANDONED_PENDING_REQUEST,2026-04-26
SS_FEE_UNPAID,CRITICAL,2151,INR25-2151,CR-100151,Orion Energy,BATTERY,SS,READY_FOR_MODELING,82,0,False,0,False,0,True,AUTH-10887495,2026-04-19,0.0,0.0,Lisa,Wilson,Synthetic payment failure generated for RAG training - SS_FEE_UNPAID,2026-04-19
ABANDONED_PENDING_REQUEST,MEDIUM,2157,INR25-2157,CR-100157,Orion Energy,ESR,SS,IN_REVIEW,71,10000,False,5000,False,0,True,AUTH-88634827,2026-04-06,10463.03,4536.97,Emma,Davis,Synthetic payment failure generated for RAG training - ABANDONED_PENDING_REQUEST,2026-04-06
PAYMENT_AMOUNT_MISMATCH,HIGH,2162,INR25-2162,CR-100162,NextEra Energy,ESR,FIS,READY_FOR_MODELING,49,0,False,5000,False,0,False,AUTH-67796330,2026-04-01,745.19,4254.81,Emma,Wilson,Synthetic payment failure generated for RAG training - PAYMENT_AMOUNT_MISMATCH,2026-04-01
SS_FEE_UNPAID,CRITICAL,2170,INR25-2170,CR-100170,SunPower,WIND,FIS,READY_FOR_MODELING,55,0,False,5000,True,7500,True,AUTH-37619925,2026-04-19,401.39,12098.61,Mike,Smith,Synthetic payment failure generated for RAG training - SS_FEE_UNPAID,2026-04-19
DUPLICATE_PAYMENT,MEDIUM,2186,INR25-2186,CR-100186,Invenergy,SOLAR,SS,PENDING_REVIEW,76,0,False,5000,False,7500,False,AUTH-52211967,2026-04-18,11824.48,675.52,Sarah,Jones,Synthetic payment failure generated for RAG training - DUPLICATE_PAYMENT,2026-04-18
ANALYSIS_FEE_OUTSTANDING,HIGH,2212,INR25-2212,CR-100212,Pattern Energy,ESR,FIS,READY_FOR_MODELING,89,0,False,5000,True,0,True,AUTH-10241310,2026-04-29,3660.42,1339.58,Emma,Wilson,Synthetic payment failure generated for RAG training - ANALYSIS_FEE_OUTSTANDING,2026-04-29
PAYMENT_GATEWAY_SYNC_ERROR,HIGH,2217,INR25-2217,CR-100217,Clearway Energy,ESR,FIS_SS,READY_FOR_MODELING,93,0,False,0,False,0,False,AUTH-41883191,2026-04-07,0.0,0.0,John,Smith,Synthetic payment failure generated for RAG training - PAYMENT_GATEWAY_SYNC_ERROR,2026-04-07
ANALYSIS_FEE_OUTSTANDING,HIGH,2219,INR25-2219,CR-100219,Apex Clean Energy,ESR,FIS,READY_FOR_MODELING,34,0,True,5000,False,0,True,AUTH-59797531,2026-04-23,1695.94,3304.06,David,Brown,Synthetic payment failure generated for RAG training - ANALYSIS_FEE_OUTSTANDING,2026-04-23
ANALYSIS_FEE_OUTSTANDING,HIGH,2223,INR25-2223,CR-100223,Apex Clean Energy,CONVENTIONAL,FIS,IN_REVIEW,67,10000,False,0,True,0,False,AUTH-25102023,2026-04-01,4269.09,5730.91,David,Jones,Synthetic payment failure generated for RAG training - ANALYSIS_FEE_OUTSTANDING,2026-04-01
ANALYSIS_FEE_OUTSTANDING,HIGH,2232,INR25-2232,CR-100232,EDF Renewables,BATTERY,FIS,IN_REVIEW,84,10000,False,0,True,7500,True,AUTH-79429969,2026-04-08,1228.86,16271.14,Sarah,Smith,Synthetic payment failure generated for RAG training - ANALYSIS_FEE_OUTSTANDING,2026-04-08
PAYMENT_GATEWAY_SYNC_ERROR,HIGH,2233,INR25-2233,CR-100233,EDF Renewables,BATTERY,FIS,IN_REVIEW,50,10000,True,0,True,0,False,AUTH-39845082,2026-04-04,7209.41,2790.59,Emma,Wilson,Synthetic payment failure generated for RAG training - PAYMENT_GATEWAY_SYNC_ERROR,2026-04-04
ABANDONED_PENDING_REQUEST,MEDIUM,2234,INR25-2234,CR-100234,Vesper Energy,WIND,FIS,PENDING_REVIEW,61,10000,True,5000,False,7500,True,AUTH-55047826,2026-04-23,20924.13,1575.87,Emma,Smith,Synthetic payment failure generated for RAG training - ABANDONED_PENDING_REQUEST,2026-04-23
ANALYSIS_FEE_OUTSTANDING,HIGH,2257,INR25-2257,CR-100257,Calpine,BATTERY,FIS,PENDING_REVIEW,18,10000,False,5000,False,0,False,AUTH-84300459,2026-04-07,4514.33,10485.67,Emma,Jones,Synthetic payment failure generated for RAG training - ANALYSIS_FEE_OUTSTANDING,2026-04-07
FIS_FEE_UNPAID,CRITICAL,2270,INR25-2270,CR-100270,NextEra Energy,ESR,SS,READY_FOR_MODELING,29,10000,True,5000,False,7500,False,AUTH-95100169,2026-04-07,9779.05,12720.95,Sarah,Brown,Synthetic payment failure generated for RAG training - FIS_FEE_UNPAID,2026-04-07
ABANDONED_PENDING_REQUEST,MEDIUM,2272,INR25-2272,CR-100272,EDF Renewables,WIND,SS,PENDING_REVIEW,86,0,True,0,False,0,True,AUTH-49010740,2026-04-27,0.0,0.0,Emma,Smith,Synthetic payment failure generated for RAG training - ABANDONED_PENDING_REQUEST,2026-04-27
ANALYSIS_FEE_OUTSTANDING,HIGH,2281,INR25-2281,CR-100281,SunPower,SOLAR,FIS_SS,PENDING_REVIEW,54,0,False,0,True,0,False,AUTH-74265413,2026-04-26,0.0,0.0,David,Jones,Synthetic payment failure generated for RAG training - ANALYSIS_FEE_OUTSTANDING,2026-04-26
FIS_FEE_UNPAID,CRITICAL,2285,INR25-2285,CR-100285,SunPower,CONVENTIONAL,SS,READY_FOR_MODELING,84,0,False,0,False,7500,False,AUTH-15830187,2026-04-04,5439.99,2060.01,Emma,Wilson,Synthetic payment failure generated for RAG training - FIS_FEE_UNPAID,2026-04-04
DUPLICATE_PAYMENT,MEDIUM,2325,INR25-2325,CR-100325,Invenergy,SOLAR,SS,READY_FOR_MODELING,63,10000,True,0,False,7500,True,AUTH-58442674,2026-04-16,4248.91,13251.09,Lisa,Davis,Synthetic payment failure generated for RAG training - DUPLICATE_PAYMENT,2026-04-16
SS_FEE_UNPAID,CRITICAL,2337,INR25-2337,CR-100337,Calpine,WIND,FIS_SS,PENDING_REVIEW,15,10000,True,0,True,0,True,AUTH-48612439,2026-04-16,2196.54,7803.46,John,Brown,Synthetic payment failure generated for RAG training - SS_FEE_UNPAID,2026-04-16
FIS_FEE_UNPAID,CRITICAL,2355,INR25-2355,CR-100355,Pattern Energy,SOLAR,FIS_SS,IN_REVIEW,5,0,True,5000,True,0,False,AUTH-54440977,2026-04-04,269.05,4730.95,John,Smith,Synthetic payment failure generated for RAG training - FIS_FEE_UNPAID,2026-04-04
ABANDONED_PENDING_REQUEST,MEDIUM,2385,INR25-2385,CR-100385,Clearway Energy,ESR,FIS_SS,READY_FOR_MODELING,22,0,True,5000,False,7500,True,AUTH-96202825,2026-04-01,10592.56,1907.44,Mike,Smith,Synthetic payment failure generated for RAG training - ABANDONED_PENDING_REQUEST,2026-04-01
ANALYSIS_FEE_OUTSTANDING,HIGH,2397,INR25-2397,CR-100397,NextEra Energy,BATTERY,FIS_SS,PENDING_REVIEW,52,10000,True,5000,True,0,False,AUTH-82016051,2026-04-26,611.2,14388.8,Sarah,Wilson,Synthetic payment failure generated for RAG training - ANALYSIS_FEE_OUTSTANDING,2026-04-26
SS_FEE_UNPAID,CRITICAL,2403,INR25-2403,CR-100403,NextEra Energy,CONVENTIONAL,SS,PENDING_REVIEW,16,10000,True,0,False,7500,True,AUTH-72306017,2026-04-02,6696.18,10803.82,Emma,Jones,Synthetic payment failure generated for RAG training - SS_FEE_UNPAID,2026-04-02
FIS_FEE_UNPAID,CRITICAL,2418,INR25-2418,CR-100418,Clearway Energy,CONVENTIONAL,FIS_SS,IN_REVIEW,53,10000,False,0,False,0,False,AUTH-89639062,2026-04-27,242.4,9757.6,Emma,Wilson,Synthetic payment failure generated for RAG training - FIS_FEE_UNPAID,2026-04-27
ANALYSIS_FEE_OUTSTANDING,HIGH,2461,INR25-2461,CR-100461,Orion Energy,ESR,FIS_SS,IN_REVIEW,119,10000,False,0,False,7500,True,AUTH-31520919,2026-04-20,16679.06,820.94,Emma,Brown,Synthetic payment failure generated for RAG training - ANALYSIS_FEE_OUTSTANDING,2026-04-20
SS_FEE_UNPAID,CRITICAL,2465,INR25-2465,CR-100465,Pattern Energy,SOLAR,FIS,READY_FOR_MODELING,55,0,False,5000,True,0,True,AUTH-59381407,2026-04-17,1439.81,3560.19,Sarah,Wilson,Synthetic payment failure generated for RAG training - SS_FEE_UNPAID,2026-04-17
SS_FEE_UNPAID,CRITICAL,2485,INR25-2485,CR-100485,Orion Energy,WIND,FIS,IN_REVIEW,3,10000,True,0,True,0,True,AUTH-69762583,2026-04-29,3310.1,6689.9,David,Davis,Synthetic payment failure generated for RAG training - SS_FEE_UNPAID,2026-04-29
PAYMENT_GATEWAY_SYNC_ERROR,HIGH,2488,INR25-2488,CR-100488,Calpine,ESR,FIS_SS,IN_REVIEW,3,10000,True,0,False,7500,True,AUTH-72980385,2026-04-28,11986.91,5513.09,Mike,Davis,Synthetic payment failure generated for RAG training - PAYMENT_GATEWAY_SYNC_ERROR,2026-04-28
PAYMENT_AMOUNT_MISMATCH,HIGH,2493,INR25-2493,CR-100493,Invenergy,WIND,FIS,PENDING_REVIEW,94,0,False,0,False,0,False,AUTH-23327047,2026-04-09,0.0,0.0,Sarah,Brown,Synthetic payment failure generated for RAG training - PAYMENT_AMOUNT_MISMATCH,2026-04-09
ABANDONED_PENDING_REQUEST,MEDIUM,2498,INR25-2498,CR-100498,EDF Renewables,SOLAR,SS,READY_FOR_MODELING,43,10000,False,5000,True,7500,False,AUTH-38686961,2026-04-16,19191.16,3308.84,John,Wilson,Synthetic payment failure generated for RAG training - ABANDONED_PENDING_REQUEST,2026-04-16
PAYMENT_AMOUNT_MISMATCH,HIGH,2500,INR25-2500,CR-100500,Invenergy,ESR,FIS,READY_FOR_MODELING,95,10000,True,0,False,0,False,AUTH-41688446,2026-04-18,8322.16,1677.84,Emma,Wilson,Synthetic payment failure generated for RAG training - PAYMENT_AMOUNT_MISMATCH,2026-04-18
ANALYSIS_FEE_OUTSTANDING,HIGH,2520,INR25-2520,CR-100520,NextEra Energy,BATTERY,FIS,READY_FOR_MODELING,91,0,True,0,True,7500,True,AUTH-95689443,2026-04-17,7980.2,0.0,David,Smith,Synthetic payment failure generated for RAG training - ANALYSIS_FEE_OUTSTANDING,2026-04-17
ABANDONED_PENDING_REQUEST,MEDIUM,2528,INR25-2528,CR-100528,Orion Energy,ESR,FIS_SS,READY_FOR_MODELING,13,10000,False,0,True,0,False,AUTH-79419139,2026-04-13,4987.52,5012.48,Mike,Wilson,Synthetic payment failure generated for RAG training - ABANDONED_PENDING_REQUEST,2026-04-13
ANALYSIS_FEE_OUTSTANDING,HIGH,2531,INR25-2531,CR-100531,Pattern Energy,SOLAR,SS,READY_FOR_MODELING,105,10000,True,5000,False,0,False,AUTH-36227100,2026-04-05,8541.73,6458.27,Sarah,Jones,Synthetic payment failure generated for RAG training - ANALYSIS_FEE_OUTSTANDING,2026-04-05
PAYMENT_AMOUNT_MISMATCH,HIGH,2547,INR25-2547,CR-100547,Invenergy,CONVENTIONAL,FIS,PENDING_REVIEW,61,10000,True,5000,False,0,False,AUTH-95765571,2026-04-08,15653.43,0.0,Mike,Smith,Synthetic payment failure generated for RAG training - PAYMENT_AMOUNT_MISMATCH,2026-04-08
DUPLICATE_PAYMENT,MEDIUM,2552,INR25-2552,CR-100552,Pattern Energy,CONVENTIONAL,SS,IN_REVIEW,90,10000,True,5000,True,7500,True,AUTH-46745629,2026-04-13,22543.12,0.0,Emma,Wilson,Synthetic payment failure generated for RAG training - DUPLICATE_PAYMENT,2026-04-13
SS_FEE_UNPAID,CRITICAL,2566,INR25-2566,CR-100566,Vesper Energy,WIND,SS,READY_FOR_MODELING,11,0,False,0,False,0,False,AUTH-32033022,2026-04-21,0.0,0.0,Emma,Jones,Synthetic payment failure generated for RAG training - SS_FEE_UNPAID,2026-04-21
DUPLICATE_PAYMENT,MEDIUM,2571,INR25-2571,CR-100571,Clearway Energy,WIND,FIS,PENDING_REVIEW,118,10000,False,0,True,7500,True,AUTH-45075212,2026-04-22,17835.49,0.0,Lisa,Davis,Synthetic payment failure generated for RAG training - DUPLICATE_PAYMENT,2026-04-22
FIS_FEE_UNPAID,CRITICAL,2590,INR25-2590,CR-100590,Apex Clean Energy,WIND,SS,PENDING_REVIEW,46,10000,False,0,True,0,True,AUTH-25750026,2026-04-30,4142.11,5857.89,Lisa,Brown,Synthetic payment failure generated for RAG training - FIS_FEE_UNPAID,2026-04-30
SS_FEE_UNPAID,CRITICAL,2599,INR25-2599,CR-100599,Apex Clean Energy,ESR,SS,READY_FOR_MODELING,32,10000,True,0,False,7500,True,AUTH-81332718,2026-04-06,19104.64,0.0,John,Wilson,Synthetic payment failure generated for RAG training - SS_FEE_UNPAID,2026-04-06
ABANDONED_PENDING_REQUEST,MEDIUM,2648,INR25-2648,CR-100648,SunPower,CONVENTIONAL,SS,PENDING_REVIEW,73,10000,False,0,True,7500,True,AUTH-29142470,2026-04-16,4602.88,12897.12,Mike,Wilson,Synthetic payment failure generated for RAG training - ABANDONED_PENDING_REQUEST,2026-04-16
ANALYSIS_FEE_OUTSTANDING,HIGH,2661,INR25-2661,CR-100661,NextEra Energy,CONVENTIONAL,FIS,PENDING_REVIEW,64,0,True,0,False,0,True,AUTH-99618537,2026-04-21,0.0,0.0,Mike,Davis,Synthetic payment failure generated for RAG training - ANALYSIS_FEE_OUTSTANDING,2026-04-21
PAYMENT_AMOUNT_MISMATCH,HIGH,2670,INR25-2670,CR-100670,Clearway Energy,CONVENTIONAL,SS,READY_FOR_MODELING,3,0,True,0,True,7500,False,AUTH-25406645,2026-04-11,7644.31,0.0,Sarah,Smith,Synthetic payment failure generated for RAG training - PAYMENT_AMOUNT_MISMATCH,2026-04-11
FIS_FEE_UNPAID,CRITICAL,2680,INR25-2680,CR-100680,Pattern Energy,SOLAR,FIS,READY_FOR_MODELING,93,0,False,0,True,0,True,AUTH-21813404,2026-04-13,0.0,0.0,Sarah,Brown,Synthetic payment failure generated for RAG training - FIS_FEE_UNPAID,2026-04-13
FIS_FEE_UNPAID,CRITICAL,2704,INR25-2704,CR-100704,Calpine,SOLAR,SS,READY_FOR_MODELING,75,10000,True,0,True,7500,True,AUTH-85436973,2026-04-29,10884.79,6615.21,Emma,Davis,Synthetic payment failure generated for RAG training - FIS_FEE_UNPAID,2026-04-29
ANALYSIS_FEE_OUTSTANDING,HIGH,2722,INR25-2722,CR-100722,NextEra Energy,WIND,SS,PENDING_REVIEW,76,10000,True,0,True,7500,False,AUTH-81969904,2026-04-12,8403.1,9096.9,Lisa,Smith,Synthetic payment failure generated for RAG training - ANALYSIS_FEE_OUTSTANDING,2026-04-12
PAYMENT_AMOUNT_MISMATCH,HIGH,2752,INR25-2752,CR-100752,Pattern Energy,BATTERY,SS,IN_REVIEW,86,0,False,5000,False,7500,False,AUTH-90241009,2026-04-20,7293.84,5206.16,Mike,Wilson,Synthetic payment failure generated for RAG training - PAYMENT_AMOUNT_MISMATCH,2026-04-20
ANALYSIS_FEE_OUTSTANDING,HIGH,2767,INR25-2767,CR-100767,Clearway Energy,CONVENTIONAL,FIS_SS,IN_REVIEW,67,0,False,0,False,7500,False,AUTH-38268552,2026-04-11,4316.82,3183.18,Mike,Jones,Synthetic payment failure generated for RAG training - ANALYSIS_FEE_OUTSTANDING,2026-04-11
ABANDONED_PENDING_REQUEST,MEDIUM,2771,INR25-2771,CR-100771,SunPower,ESR,SS,PENDING_REVIEW,1,10000,True,5000,True,7500,True,AUTH-92533661,2026-04-27,23924.81,0.0,Sarah,Jones,Synthetic payment failure generated for RAG training - ABANDONED_PENDING_REQUEST,2026-04-27
ANALYSIS_FEE_OUTSTANDING,HIGH,2776,INR25-2776,CR-100776,EDF Renewables,BATTERY,FIS_SS,PENDING_REVIEW,74,0,True,5000,False,7500,False,AUTH-75807017,2026-04-07,5476.54,7023.46,Sarah,Davis,Synthetic payment failure generated for RAG training - ANALYSIS_FEE_OUTSTANDING,2026-04-07
ABANDONED_PENDING_REQUEST,MEDIUM,2777,INR25-2777,CR-100777,Pattern Energy,WIND,SS,PENDING_REVIEW,54,0,True,0,True,7500,False,AUTH-95560869,2026-04-28,237.91,7262.09,Emma,Smith,Synthetic payment failure generated for RAG training - ABANDONED_PENDING_REQUEST,2026-04-28
ANALYSIS_FEE_OUTSTANDING,HIGH,2787,INR25-2787,CR-100787,Clearway Energy,CONVENTIONAL,SS,IN_REVIEW,55,10000,False,5000,False,7500,True,AUTH-32015192,2026-04-04,993.19,21506.81,Lisa,Jones,Synthetic payment failure generated for RAG training - ANALYSIS_FEE_OUTSTANDING,2026-04-04
PAYMENT_AMOUNT_MISMATCH,HIGH,2792,INR25-2792,CR-100792,Clearway Energy,SOLAR,SS,IN_REVIEW,56,10000,True,0,False,0,False,AUTH-97784425,2026-04-09,1518.88,8481.12,Sarah,Davis,Synthetic payment failure generated for RAG training - PAYMENT_AMOUNT_MISMATCH,2026-04-09
FIS_FEE_UNPAID,CRITICAL,2809,INR25-2809,CR-100809,Apex Clean Energy,SOLAR,FIS,READY_FOR_MODELING,32,0,True,0,False,0,True,AUTH-59700276,2026-04-22,0.0,0.0,John,Wilson,Synthetic payment failure generated for RAG training - FIS_FEE_UNPAID,2026-04-22
ANALYSIS_FEE_OUTSTANDING,HIGH,2824,INR25-2824,CR-100824,Vesper Energy,BATTERY,FIS_SS,IN_REVIEW,34,10000,True,0,False,7500,False,AUTH-85331621,2026-04-04,9765.39,7734.61,Lisa,Brown,Synthetic payment failure generated for RAG training - ANALYSIS_FEE_OUTSTANDING,2026-04-04
PAYMENT_GATEWAY_SYNC_ERROR,HIGH,2825,INR25-2825,CR-100825,Vesper Energy,ESR,FIS,PENDING_REVIEW,23,0,True,0,False,7500,False,AUTH-22692698,2026-04-17,53.77,7446.23,David,Brown,Synthetic payment failure generated for RAG training - PAYMENT_GATEWAY_SYNC_ERROR,2026-04-17
DUPLICATE_PAYMENT,MEDIUM,2826,INR25-2826,CR-100826,Clearway Energy,BATTERY,FIS_SS,IN_REVIEW,41,0,False,0,True,0,False,AUTH-91809287,2026-04-23,0.0,0.0,Sarah,Wilson,Synthetic payment failure generated for RAG training - DUPLICATE_PAYMENT,2026-04-23
SS_FEE_UNPAID,CRITICAL,2836,INR25-2836,CR-100836,Pattern Energy,BATTERY,SS,PENDING_REVIEW,83,0,False,5000,False,7500,False,AUTH-12883470,2026-04-29,6403.58,6096.42,David,Wilson,Synthetic payment failure generated for RAG training - SS_FEE_UNPAID,2026-04-29
ANALYSIS_FEE_OUTSTANDING,HIGH,2841,INR25-2841,CR-100841,Invenergy,CONVENTIONAL,FIS,IN_REVIEW,33,10000,True,5000,False,0,True,AUTH-10973829,2026-04-06,3470.4,11529.6,David,Davis,Synthetic payment failure generated for RAG training - ANALYSIS_FEE_OUTSTANDING,2026-04-06
PAYMENT_GATEWAY_SYNC_ERROR,HIGH,2844,INR25-2844,CR-100844,Vesper Energy,WIND,FIS_SS,READY_FOR_MODELING,24,0,False,5000,True,0,True,AUTH-14023864,2026-04-13,960.51,4039.49,David,Jones,Synthetic payment failure generated for RAG training - PAYMENT_GATEWAY_SYNC_ERROR,2026-04-13
ABANDONED_PENDING_REQUEST,MEDIUM,2847,INR25-2847,CR-100847,EDF Renewables,WIND,FIS,READY_FOR_MODELING,70,0,False,5000,True,7500,False,AUTH-76142725,2026-04-05,6455.45,6044.55,Emma,Wilson,Synthetic payment failure generated for RAG training - ABANDONED_PENDING_REQUEST,2026-04-05
ANALYSIS_FEE_OUTSTANDING,HIGH,2851,INR25-2851,CR-100851,Vesper Energy,BATTERY,FIS,PENDING_REVIEW,33,10000,False,0,False,7500,False,AUTH-99019649,2026-04-15,12617.61,4882.39,John,Brown,Synthetic payment failure generated for RAG training - ANALYSIS_FEE_OUTSTANDING,2026-04-15
PAYMENT_AMOUNT_MISMATCH,HIGH,2860,INR25-2860,CR-100860,Apex Clean Energy,ESR,SS,READY_FOR_MODELING,14,10000,False,0,False,7500,False,AUTH-95934970,2026-04-05,16106.65,1393.35,Lisa,Brown,Synthetic payment failure generated for RAG training - PAYMENT_AMOUNT_MISMATCH,2026-04-05
ANALYSIS_FEE_OUTSTANDING,HIGH,2865,INR25-2865,CR-100865,Invenergy,BATTERY,FIS,READY_FOR_MODELING,69,10000,True,5000,False,0,False,AUTH-23596009,2026-04-28,13937.88,1062.12,Emma,Smith,Synthetic payment failure generated for RAG training - ANALYSIS_FEE_OUTSTANDING,2026-04-28
PAYMENT_GATEWAY_SYNC_ERROR,HIGH,2866,INR25-2866,CR-100866,Clearway Energy,BATTERY,FIS_SS,IN_REVIEW,45,10000,False,5000,False,0,False,AUTH-31369793,2026-04-24,12483.31,2516.69,Sarah,Brown,Synthetic payment failure generated for RAG training - PAYMENT_GATEWAY_SYNC_ERROR,2026-04-24
PAYMENT_GATEWAY_SYNC_ERROR,HIGH,2870,INR25-2870,CR-100870,Vesper Energy,CONVENTIONAL,FIS,READY_FOR_MODELING,74,10000,False,5000,False,0,False,AUTH-45374067,2026-04-10,6803.34,8196.66,David,Brown,Synthetic payment failure generated for RAG training - PAYMENT_GATEWAY_SYNC_ERROR,2026-04-10
SS_FEE_UNPAID,CRITICAL,2872,INR25-2872,CR-100872,NextEra Energy,ESR,FIS_SS,IN_REVIEW,64,10000,False,0,True,7500,True,AUTH-12968249,2026-04-06,5180.82,12319.18,Lisa,Davis,Synthetic payment failure generated for RAG training - SS_FEE_UNPAID,2026-04-06
ANALYSIS_FEE_OUTSTANDING,HIGH,2880,INR25-2880,CR-100880,Orion Energy,SOLAR,FIS_SS,PENDING_REVIEW,120,0,True,5000,False,0,False,AUTH-24465305,2026-04-04,2790.31,2209.69,Mike,Jones,Synthetic payment failure generated for RAG training - ANALYSIS_FEE_OUTSTANDING,2026-04-04
PAYMENT_GATEWAY_SYNC_ERROR,HIGH,2896,INR25-2896,CR-100896,Clearway Energy,ESR,FIS_SS,IN_REVIEW,45,10000,False,5000,False,7500,True,AUTH-70964805,2026-04-27,22528.47,0.0,Lisa,Brown,Synthetic payment failure generated for RAG training - PAYMENT_GATEWAY_SYNC_ERROR,2026-04-27
FIS_FEE_UNPAID,CRITICAL,2909,INR25-2909,CR-100909,Orion Energy,ESR,FIS,PENDING_REVIEW,89,0,False,5000,False,7500,False,AUTH-59230243,2026-04-16,2745.08,9754.92,Lisa,Davis,Synthetic payment failure generated for RAG training - FIS_FEE_UNPAID,2026-04-16
DUPLICATE_PAYMENT,MEDIUM,2925,INR25-2925,CR-100925,Clearway Energy,BATTERY,FIS_SS,PENDING_REVIEW,47,10000,True,0,False,7500,True,AUTH-39975290,2026-04-05,7499.35,10000.65,Emma,Smith,Synthetic payment failure generated for RAG training - DUPLICATE_PAYMENT,2026-04-05
ANALYSIS_FEE_OUTSTANDING,HIGH,2944,INR25-2944,CR-100944,Calpine,CONVENTIONAL,FIS_SS,PENDING_REVIEW,42,10000,False,5000,False,0,True,AUTH-87874708,2026-04-03,6158.91,8841.09,David,Brown,Synthetic payment failure generated for RAG training - ANALYSIS_FEE_OUTSTANDING,2026-04-03
ANALYSIS_FEE_OUTSTANDING,HIGH,2952,INR25-2952,CR-100952,Orion Energy,SOLAR,FIS,IN_REVIEW,70,10000,True,0,True,7500,True,AUTH-94731492,2026-04-14,744.43,16755.57,John,Davis,Synthetic payment failure generated for RAG training - ANALYSIS_FEE_OUTSTANDING,2026-04-14
ABANDONED_PENDING_REQUEST,MEDIUM,2965,INR25-2965,CR-100965,Orion Energy,CONVENTIONAL,FIS,IN_REVIEW,97,10000,True,5000,False,7500,False,AUTH-22212161,2026-04-29,22753.34,0.0,Emma,Davis,Synthetic payment failure generated for RAG training - ABANDONED_PENDING_REQUEST,2026-04-29
PAYMENT_AMOUNT_MISMATCH,HIGH,2985,INR25-2985,CR-100985,Orion Energy,WIND,SS,PENDING_REVIEW,10,10000,False,5000,False,7500,True,AUTH-91120624,2026-04-07,4130.66,18369.34,David,Davis,Synthetic payment failure generated for RAG training - PAYMENT_AMOUNT_MISMATCH,2026-04-07
ANALYSIS_FEE_OUTSTANDING,HIGH,3007,INR25-3007,CR-101007,Vesper Energy,WIND,SS,PENDING_REVIEW,43,10000,False,0,False,0,True,AUTH-68376344,2026-04-11,5310.78,4689.22,Emma,Smith,Synthetic payment failure generated for RAG training - ANALYSIS_FEE_OUTSTANDING,2026-04-11
DUPLICATE_PAYMENT,MEDIUM,3016,INR25-3016,CR-101016,Orion Energy,CONVENTIONAL,FIS,IN_REVIEW,42,10000,False,0,True,0,True,AUTH-14882771,2026-04-14,9179.62,820.38,David,Jones,Synthetic payment failure generated for RAG training - DUPLICATE_PAYMENT,2026-04-14
DUPLICATE_PAYMENT,MEDIUM,3055,INR25-3055,CR-101055,Pattern Energy,SOLAR,SS,IN_REVIEW,97,10000,True,0,False,7500,False,AUTH-38705725,2026-04-13,7847.09,9652.91,John,Brown,Synthetic payment failure generated for RAG training - DUPLICATE_PAYMENT,2026-04-13
DUPLICATE_PAYMENT,MEDIUM,3061,INR25-3061,CR-101061,Calpine,WIND,SS,IN_REVIEW,110,0,True,5000,True,0,True,AUTH-92124494,2026-04-20,740.89,4259.11,Lisa,Davis,Synthetic payment failure generated for RAG training - DUPLICATE_PAYMENT,2026-04-20
SS_FEE_UNPAID,CRITICAL,3070,INR25-3070,CR-101070,EDF Renewables,CONVENTIONAL,SS,READY_FOR_MODELING,58,10000,True,5000,False,0,False,AUTH-41866734,2026-04-15,1911.17,13088.83,David,Wilson,Synthetic payment failure generated for RAG training - SS_FEE_UNPAID,2026-04-15
ANALYSIS_FEE_OUTSTANDING,HIGH,3081,INR25-3081,CR-101081,NextEra Energy,CONVENTIONAL,FIS_SS,IN_REVIEW,11,0,False,0,True,0,False,AUTH-17291181,2026-04-10,0.0,0.0,David,Davis,Synthetic payment failure generated for RAG training - ANALYSIS_FEE_OUTSTANDING,2026-04-10
ABANDONED_PENDING_REQUEST,MEDIUM,3084,INR25-3084,CR-101084,SunPower,CONVENTIONAL,SS,IN_REVIEW,3,10000,False,5000,False,0,True,AUTH-36208498,2026-04-17,16202.71,0.0,Sarah,Jones,Synthetic payment failure generated for RAG training - ABANDONED_PENDING_REQUEST,2026-04-17
ABANDONED_PENDING_REQUEST,MEDIUM,3114,INR25-3114,CR-101114,NextEra Energy,WIND,FIS,READY_FOR_MODELING,95,10000,True,5000,False,7500,False,AUTH-38071746,2026-04-23,3705.19,18794.81,John,Wilson,Synthetic payment failure generated for RAG training - ABANDONED_PENDING_REQUEST,2026-04-23
FIS_FEE_UNPAID,CRITICAL,3138,INR25-3138,CR-101138,Apex Clean Energy,WIND,SS,IN_REVIEW,62,10000,True,5000,True,7500,False,AUTH-71974482,2026-04-15,9206.25,13293.75,David,Smith,Synthetic payment failure generated for RAG training - FIS_FEE_UNPAID,2026-04-15
ANALYSIS_FEE_OUTSTANDING,HIGH,3143,INR25-3143,CR-101143,NextEra Energy,BATTERY,SS,READY_FOR_MODELING,103,10000,True,0,False,0,True,AUTH-68985501,2026-04-02,1325.46,8674.54,Mike,Davis,Synthetic payment failure generated for RAG training - ANALYSIS_FEE_OUTSTANDING,2026-04-02
ABANDONED_PENDING_REQUEST,MEDIUM,3151,INR25-3151,CR-101151,SunPower,CONVENTIONAL,FIS_SS,READY_FOR_MODELING,65,10000,False,0,True,0,True,AUTH-21207286,2026-04-19,2587.32,7412.68,David,Smith,Synthetic payment failure generated for RAG training - ABANDONED_PENDING_REQUEST,2026-04-19
PAYMENT_GATEWAY_SYNC_ERROR,HIGH,3159,INR25-3159,CR-101159,SunPower,WIND,FIS,READY_FOR_MODELING,52,10000,True,0,True,0,False,AUTH-28449486,2026-04-19,5527.86,4472.14,Mike,Davis,Synthetic payment failure generated for RAG training - PAYMENT_GATEWAY_SYNC_ERROR,2026-04-19
SS_FEE_UNPAID,CRITICAL,3204,INR25-3204,CR-101204,Apex Clean Energy,SOLAR,FIS_SS,PENDING_REVIEW,96,10000,False,0,True,0,False,AUTH-17145766,2026-04-09,3464.82,6535.18,Lisa,Jones,Synthetic payment failure generated for RAG training - SS_FEE_UNPAID,2026-04-09
ABANDONED_PENDING_REQUEST,MEDIUM,3239,INR25-3239,CR-101239,EDF Renewables,CONVENTIONAL,FIS,PENDING_REVIEW,59,0,True,0,True,7500,True,AUTH-61719505,2026-04-06,2836.27,4663.73,Sarah,Davis,Synthetic payment failure generated for RAG training - ABANDONED_PENDING_REQUEST,2026-04-06
ABANDONED_PENDING_REQUEST,MEDIUM,3245,INR25-3245,CR-101245,EDF Renewables,WIND,SS,PENDING_REVIEW,44,10000,False,0,False,7500,True,AUTH-81871771,2026-04-01,4015.97,13484.03,Emma,Smith,Synthetic payment failure generated for RAG training - ABANDONED_PENDING_REQUEST,2026-04-01
ANALYSIS_FEE_OUTSTANDING,HIGH,3298,INR25-3298,CR-101298,Invenergy,ESR,SS,PENDING_REVIEW,23,10000,True,0,False,7500,False,AUTH-44162057,2026-04-13,14152.96,3347.04,Sarah,Jones,Synthetic payment failure generated for RAG training - ANALYSIS_FEE_OUTSTANDING,2026-04-13
ANALYSIS_FEE_OUTSTANDING,HIGH,3312,INR25-3312,CR-101312,Vesper Energy,SOLAR,SS,PENDING_REVIEW,113,0,False,0,False,0,False,AUTH-12810085,2026-04-10,0.0,0.0,Emma,Jones,Synthetic payment failure generated for RAG training - ANALYSIS_FEE_OUTSTANDING,2026-04-10
FIS_FEE_UNPAID,CRITICAL,3315,INR25-3315,CR-101315,Apex Clean Energy,WIND,FIS,IN_REVIEW,120,0,True,5000,True,7500,True,AUTH-84599555,2026-04-10,7342.25,5157.75,Sarah,Wilson,Synthetic payment failure generated for RAG training - FIS_FEE_UNPAID,2026-04-10
PAYMENT_GATEWAY_SYNC_ERROR,HIGH,3316,INR25-3316,CR-101316,Invenergy,CONVENTIONAL,FIS,READY_FOR_MODELING,15,0,False,0,True,7500,False,AUTH-71052396,2026-04-09,3361.95,4138.05,John,Jones,Synthetic payment failure generated for RAG training - PAYMENT_GATEWAY_SYNC_ERROR,2026-04-09
FIS_FEE_UNPAID,CRITICAL,3319,INR25-3319,CR-101319,Vesper Energy,CONVENTIONAL,SS,READY_FOR_MODELING,105,10000,False,5000,True,0,True,AUTH-93372014,2026-04-30,103.52,14896.48,Sarah,Davis,Synthetic payment failure generated for RAG training - FIS_FEE_UNPAID,2026-04-30
PAYMENT_GATEWAY_SYNC_ERROR,HIGH,3320,INR25-3320,CR-101320,Invenergy,BATTERY,FIS_SS,IN_REVIEW,75,10000,True,0,False,7500,False,AUTH-98683176,2026-04-07,17675.75,0.0,David,Jones,Synthetic payment failure generated for RAG training - PAYMENT_GATEWAY_SYNC_ERROR,2026-04-07
PAYMENT_GATEWAY_SYNC_ERROR,HIGH,3324,INR25-3324,CR-101324,SunPower,CONVENTIONAL,FIS,IN_REVIEW,36,10000,True,5000,True,7500,False,AUTH-25105475,2026-04-01,13838.96,8661.04,David,Davis,Synthetic payment failure generated for RAG training - PAYMENT_GATEWAY_SYNC_ERROR,2026-04-01
SS_FEE_UNPAID,CRITICAL,3326,INR25-3326,CR-101326,Invenergy,SOLAR,SS,IN_REVIEW,18,10000,False,0,True,7500,False,AUTH-63715916,2026-04-06,18573.41,0.0,Mike,Wilson,Synthetic payment failure generated for RAG training - SS_FEE_UNPAID,2026-04-06
FIS_FEE_UNPAID,CRITICAL,3327,INR25-3327,CR-101327,EDF Renewables,BATTERY,FIS_SS,PENDING_REVIEW,99,0,True,0,True,7500,True,AUTH-99352149,2026-04-05,4410.79,3089.21,John,Brown,Synthetic payment failure generated for RAG training - FIS_FEE_UNPAID,2026-04-05
FIS_FEE_UNPAID,CRITICAL,3350,INR25-3350,CR-101350,Invenergy,SOLAR,FIS_SS,PENDING_REVIEW,79,0,False,5000,True,7500,False,AUTH-55172233,2026-04-23,11672.67,827.33,Lisa,Smith,Synthetic payment failure generated for RAG training - FIS_FEE_UNPAID,2026-04-23
ABANDONED_PENDING_REQUEST,MEDIUM,3352,INR25-3352,CR-101352,NextEra Energy,BATTERY,SS,PENDING_REVIEW,87,10000,False,0,True,7500,True,AUTH-26355844,2026-04-18,18502.81,0.0,Lisa,Jones,Synthetic payment failure generated for RAG training - ABANDONED_PENDING_REQUEST,2026-04-18
FIS_FEE_UNPAID,CRITICAL,3356,INR25-3356,CR-101356,Apex Clean Energy,SOLAR,FIS,READY_FOR_MODELING,38,0,False,5000,True,7500,True,AUTH-97330311,2026-04-13,13412.13,0.0,Mike,Davis,Synthetic payment failure generated for RAG training - FIS_FEE_UNPAID,2026-04-13
ABANDONED_PENDING_REQUEST,MEDIUM,3380,INR25-3380,CR-101380,Vesper Energy,ESR,SS,PENDING_REVIEW,60,10000,False,5000,True,7500,True,AUTH-77135692,2026-04-07,13761.06,8738.94,Lisa,Brown,Synthetic payment failure generated for RAG training - ABANDONED_PENDING_REQUEST,2026-04-07
DUPLICATE_PAYMENT,MEDIUM,3403,INR25-3403,CR-101403,Pattern Energy,SOLAR,FIS,READY_FOR_MODELING,89,10000,False,0,False,7500,True,AUTH-26606060,2026-04-06,4942.97,12557.03,John,Wilson,Synthetic payment failure generated for RAG training - DUPLICATE_PAYMENT,2026-04-06
PAYMENT_AMOUNT_MISMATCH,HIGH,3417,INR25-3417,CR-101417,EDF Renewables,CONVENTIONAL,SS,PENDING_REVIEW,4,0,True,0,False,7500,True,AUTH-67054128,2026-04-14,4470.09,3029.91,Lisa,Smith,Synthetic payment failure generated for RAG training - PAYMENT_AMOUNT_MISMATCH,2026-04-14
PAYMENT_AMOUNT_MISMATCH,HIGH,3445,INR25-3445,CR-101445,Orion Energy,ESR,SS,PENDING_REVIEW,62,0,False,0,False,0,False,AUTH-47293092,2026-04-10,0.0,0.0,Sarah,Smith,Synthetic payment failure generated for RAG training - PAYMENT_AMOUNT_MISMATCH,2026-04-10
PAYMENT_GATEWAY_SYNC_ERROR,HIGH,3448,INR25-3448,CR-101448,SunPower,CONVENTIONAL,SS,READY_FOR_MODELING,95,0,False,5000,False,0,True,AUTH-46303495,2026-04-14,145.47,4854.53,John,Jones,Synthetic payment failure generated for RAG training - PAYMENT_GATEWAY_SYNC_ERROR,2026-04-14
FIS_FEE_UNPAID,CRITICAL,3457,INR25-3457,CR-101457,Orion Energy,SOLAR,SS,IN_REVIEW,52,0,True,5000,False,7500,False,AUTH-17061921,2026-04-01,2340.81,10159.19,Lisa,Brown,Synthetic payment failure generated for RAG training - FIS_FEE_UNPAID,2026-04-01
FIS_FEE_UNPAID,CRITICAL,3469,INR25-3469,CR-101469,EDF Renewables,ESR,SS,IN_REVIEW,63,0,False,0,True,7500,False,AUTH-39813647,2026-04-05,4402.45,3097.55,David,Wilson,Synthetic payment failure generated for RAG training - FIS_FEE_UNPAID,2026-04-05
PAYMENT_AMOUNT_MISMATCH,HIGH,3475,INR25-3475,CR-101475,Calpine,CONVENTIONAL,SS,IN_REVIEW,61,10000,True,5000,False,0,True,AUTH-50893447,2026-04-28,8289.29,6710.71,Emma,Jones,Synthetic payment failure generated for RAG training - PAYMENT_AMOUNT_MISMATCH,2026-04-28
SS_FEE_UNPAID,CRITICAL,3481,INR25-3481,CR-101481,Calpine,BATTERY,FIS_SS,READY_FOR_MODELING,21,0,False,5000,True,7500,False,AUTH-98407734,2026-04-03,2610.45,9889.55,Sarah,Smith,Synthetic payment failure generated for RAG training - SS_FEE_UNPAID,2026-04-03
ABANDONED_PENDING_REQUEST,MEDIUM,3493,INR25-3493,CR-101493,SunPower,BATTERY,FIS_SS,IN_REVIEW,117,10000,True,5000,True,0,True,AUTH-44436550,2026-04-06,2134.24,12865.76,Sarah,Wilson,Synthetic payment failure generated for RAG training - ABANDONED_PENDING_REQUEST,2026-04-06
FIS_FEE_UNPAID,CRITICAL,3521,INR25-3521,CR-101521,EDF Renewables,BATTERY,SS,READY_FOR_MODELING,26,0,False,5000,False,0,False,AUTH-90189161,2026-04-24,128.18,4871.82,Mike,Jones,Synthetic payment failure generated for RAG training - FIS_FEE_UNPAID,2026-04-24
PAYMENT_AMOUNT_MISMATCH,HIGH,3524,INR25-3524,CR-101524,Vesper Energy,WIND,FIS,IN_REVIEW,98,0,False,5000,False,7500,False,AUTH-31058796,2026-04-19,8652.19,3847.81,Sarah,Wilson,Synthetic payment failure generated for RAG training - PAYMENT_AMOUNT_MISMATCH,2026-04-19
DUPLICATE_PAYMENT,MEDIUM,3531,INR25-3531,CR-101531,Orion Energy,SOLAR,SS,PENDING_REVIEW,96,10000,False,5000,False,0,True,AUTH-82754180,2026-04-18,6175.21,8824.79,Mike,Jones,Synthetic payment failure generated for RAG training - DUPLICATE_PAYMENT,2026-04-18
ABANDONED_PENDING_REQUEST,MEDIUM,3543,INR25-3543,CR-101543,SunPower,BATTERY,FIS,PENDING_REVIEW,111,0,False,5000,True,7500,True,AUTH-65961535,2026-04-03,472.75,12027.25,David,Brown,Synthetic payment failure generated for RAG training - ABANDONED_PENDING_REQUEST,2026-04-03
PAYMENT_GATEWAY_SYNC_ERROR,HIGH,3547,INR25-3547,CR-101547,Vesper Energy,SOLAR,FIS,READY_FOR_MODELING,10,0,True,5000,False,7500,False,AUTH-63796351,2026-04-29,926.65,11573.35,Mike,Davis,Synthetic payment failure generated for RAG training - PAYMENT_GATEWAY_SYNC_ERROR,2026-04-29
ABANDONED_PENDING_REQUEST,MEDIUM,3549,INR25-3549,CR-101549,Invenergy,SOLAR,FIS_SS,PENDING_REVIEW,74,10000,True,0,False,0,True,AUTH-61565254,2026-04-14,4344.69,5655.31,David,Jones,Synthetic payment failure generated for RAG training - ABANDONED_PENDING_REQUEST,2026-04-14
PAYMENT_GATEWAY_SYNC_ERROR,HIGH,3553,INR25-3553,CR-101553,Clearway Energy,WIND,FIS_SS,IN_REVIEW,117,10000,False,0,True,0,True,AUTH-52718471,2026-04-10,8818.43,1181.57,David,Smith,Synthetic payment failure generated for RAG training - PAYMENT_GATEWAY_SYNC_ERROR,2026-04-10
ANALYSIS_FEE_OUTSTANDING,HIGH,3561,INR25-3561,CR-101561,Pattern Energy,WIND,FIS_SS,PENDING_REVIEW,22,10000,False,5000,True,0,False,AUTH-83636703,2026-04-07,9414.1,5585.9,David,Wilson,Synthetic payment failure generated for RAG training - ANALYSIS_FEE_OUTSTANDING,2026-04-07
FIS_FEE_UNPAID,CRITICAL,3576,INR25-3576,CR-101576,Vesper Energy,SOLAR,SS,PENDING_REVIEW,82,0,False,5000,False,7500,False,AUTH-67223954,2026-04-05,8496.26,4003.74,Lisa,Brown,Synthetic payment failure generated for RAG training - FIS_FEE_UNPAID,2026-04-05
FIS_FEE_UNPAID,CRITICAL,3582,INR25-3582,CR-101582,NextEra Energy,WIND,SS,PENDING_REVIEW,66,10000,True,0,False,7500,True,AUTH-96641627,2026-04-09,56.54,17443.46,Mike,Smith,Synthetic payment failure generated for RAG training - FIS_FEE_UNPAID,2026-04-09
SS_FEE_UNPAID,CRITICAL,3590,INR25-3590,CR-101590,EDF Renewables,SOLAR,FIS,READY_FOR_MODELING,6,10000,True,5000,True,7500,False,AUTH-10332878,2026-04-24,21057.49,1442.51,Sarah,Brown,Synthetic payment failure generated for RAG training - SS_FEE_UNPAID,2026-04-24
PAYMENT_AMOUNT_MISMATCH,HIGH,3610,INR25-3610,CR-101610,Clearway Energy,CONVENTIONAL,SS,PENDING_REVIEW,51,0,True,5000,False,0,True,AUTH-13922772,2026-04-12,1949.67,3050.33,Sarah,Smith,Synthetic payment failure generated for RAG training - PAYMENT_AMOUNT_MISMATCH,2026-04-12
PAYMENT_AMOUNT_MISMATCH,HIGH,3646,INR25-3646,CR-101646,NextEra Energy,WIND,FIS_SS,IN_REVIEW,51,0,True,5000,True,0,False,AUTH-31197225,2026-04-24,253.5,4746.5,John,Davis,Synthetic payment failure generated for RAG training - PAYMENT_AMOUNT_MISMATCH,2026-04-24
PAYMENT_GATEWAY_SYNC_ERROR,HIGH,3650,INR25-3650,CR-101650,NextEra Energy,WIND,FIS_SS,READY_FOR_MODELING,83,0,False,0,False,0,True,AUTH-60570940,2026-04-06,0.0,0.0,Sarah,Jones,Synthetic payment failure generated for RAG training - PAYMENT_GATEWAY_SYNC_ERROR,2026-04-06
PAYMENT_GATEWAY_SYNC_ERROR,HIGH,3698,INR25-3698,CR-101698,Apex Clean Energy,ESR,SS,READY_FOR_MODELING,118,10000,True,5000,True,0,True,AUTH-28401973,2026-04-21,4000.28,10999.72,Emma,Davis,Synthetic payment failure generated for RAG training - PAYMENT_GATEWAY_SYNC_ERROR,2026-04-21
FIS_FEE_UNPAID,CRITICAL,3727,INR25-3727,CR-101727,Apex Clean Energy,WIND,SS,PENDING_REVIEW,119,10000,False,0,True,0,False,AUTH-76313197,2026-04-15,6638.58,3361.42,John,Brown,Synthetic payment failure generated for RAG training - FIS_FEE_UNPAID,2026-04-15
FIS_FEE_UNPAID,CRITICAL,3731,INR25-3731,CR-101731,EDF Renewables,BATTERY,SS,PENDING_REVIEW,67,0,True,5000,False,7500,True,AUTH-68502641,2026-04-09,8118.96,4381.04,Lisa,Brown,Synthetic payment failure generated for RAG training - FIS_FEE_UNPAID,2026-04-09
ABANDONED_PENDING_REQUEST,MEDIUM,3738,INR25-3738,CR-101738,Clearway Energy,BATTERY,FIS,READY_FOR_MODELING,89,0,False,5000,False,0,False,AUTH-93944295,2026-04-29,3325.23,1674.77,John,Wilson,Synthetic payment failure generated for RAG training - ABANDONED_PENDING_REQUEST,2026-04-29
DUPLICATE_PAYMENT,MEDIUM,3761,INR25-3761,CR-101761,EDF Renewables,ESR,FIS,PENDING_REVIEW,116,0,True,5000,True,0,True,AUTH-64467710,2026-04-04,3461.43,1538.57,John,Smith,Synthetic payment failure generated for RAG training - DUPLICATE_PAYMENT,2026-04-04
SS_FEE_UNPAID,CRITICAL,3766,INR25-3766,CR-101766,Vesper Energy,WIND,SS,IN_REVIEW,87,0,True,5000,True,0,True,AUTH-68234321,2026-04-30,3785.9,1214.1,Mike,Brown,Synthetic payment failure generated for RAG training - SS_FEE_UNPAID,2026-04-30
ABANDONED_PENDING_REQUEST,MEDIUM,3769,INR25-3769,CR-101769,Clearway Energy,CONVENTIONAL,FIS_SS,READY_FOR_MODELING,91,10000,True,0,True,7500,False,AUTH-15225284,2026-04-10,9528.61,7971.39,Mike,Brown,Synthetic payment failure generated for RAG training - ABANDONED_PENDING_REQUEST,2026-04-10
SS_FEE_UNPAID,CRITICAL,3770,INR25-3770,CR-101770,SunPower,SOLAR,FIS_SS,PENDING_REVIEW,50,10000,True,5000,True,0,True,AUTH-96302571,2026-04-22,11292.22,3707.78,Sarah,Brown,Synthetic payment failure generated for RAG training - SS_FEE_UNPAID,2026-04-22
ABANDONED_PENDING_REQUEST,MEDIUM,3793,INR25-3793,CR-101793,NextEra Energy,CONVENTIONAL,FIS,READY_FOR_MODELING,5,0,False,0,False,0,False,AUTH-57924901,2026-04-30,0.0,0.0,Emma,Wilson,Synthetic payment failure generated for RAG training - ABANDONED_PENDING_REQUEST,2026-04-30
DUPLICATE_PAYMENT,MEDIUM,3795,INR25-3795,CR-101795,SunPower,SOLAR,SS,PENDING_REVIEW,95,0,True,0,False,7500,False,AUTH-66561395,2026-04-20,3847.92,3652.08,John,Smith,Synthetic payment failure generated for RAG training - DUPLICATE_PAYMENT,2026-04-20
DUPLICATE_PAYMENT,MEDIUM,3796,INR25-3796,CR-101796,Invenergy,BATTERY,FIS_SS,PENDING_REVIEW,96,10000,False,5000,False,0,False,AUTH-67228456,2026-04-04,1431.6,13568.4,John,Brown,Synthetic payment failure generated for RAG training - DUPLICATE_PAYMENT,2026-04-04
ANALYSIS_FEE_OUTSTANDING,HIGH,3802,INR25-3802,CR-101802,Pattern Energy,WIND,FIS_SS,IN_REVIEW,83,10000,True,0,False,0,True,AUTH-82111233,2026-04-07,10230.25,0.0,Emma,Davis,Synthetic payment failure generated for RAG training - ANALYSIS_FEE_OUTSTANDING,2026-04-07
ANALYSIS_FEE_OUTSTANDING,HIGH,3809,INR25-3809,CR-101809,Calpine,WIND,SS,PENDING_REVIEW,8,10000,False,0,False,0,True,AUTH-70368483,2026-04-25,10474.97,0.0,David,Wilson,Synthetic payment failure generated for RAG training - ANALYSIS_FEE_OUTSTANDING,2026-04-25
DUPLICATE_PAYMENT,MEDIUM,3827,INR25-3827,CR-101827,Orion Energy,BATTERY,SS,READY_FOR_MODELING,9,0,False,5000,False,7500,True,AUTH-67517981,2026-04-04,7389.92,5110.08,David,Brown,Synthetic payment failure generated for RAG training - DUPLICATE_PAYMENT,2026-04-04
SS_FEE_UNPAID,CRITICAL,3895,INR25-3895,CR-101895,Vesper Energy,WIND,FIS_SS,READY_FOR_MODELING,93,10000,False,0,True,0,True,AUTH-40446581,2026-04-13,508.42,9491.58,Emma,Jones,Synthetic payment failure generated for RAG training - SS_FEE_UNPAID,2026-04-13
PAYMENT_GATEWAY_SYNC_ERROR,HIGH,3900,INR25-3900,CR-101900,Invenergy,BATTERY,FIS,READY_FOR_MODELING,109,10000,False,0,True,7500,True,AUTH-31030803,2026-04-15,6966.64,10533.36,Lisa,Wilson,Synthetic payment failure generated for RAG training - PAYMENT_GATEWAY_SYNC_ERROR,2026-04-15
ANALYSIS_FEE_OUTSTANDING,HIGH,3947,INR25-3947,CR-101947,Clearway Energy,ESR,SS,IN_REVIEW,120,10000,False,5000,True,0,True,AUTH-47701601,2026-04-26,2734.77,12265.23,David,Brown,Synthetic payment failure generated for RAG training - ANALYSIS_FEE_OUTSTANDING,2026-04-26
SS_FEE_UNPAID,CRITICAL,3950,INR25-3950,CR-101950,Invenergy,SOLAR,FIS,PENDING_REVIEW,74,0,False,0,True,7500,True,AUTH-47316822,2026-04-01,4354.39,3145.61,Lisa,Smith,Synthetic payment failure generated for RAG training - SS_FEE_UNPAID,2026-04-01
ABANDONED_PENDING_REQUEST,MEDIUM,3959,INR25-3959,CR-101959,Pattern Energy,ESR,SS,PENDING_REVIEW,7,0,True,5000,True,0,True,AUTH-21162108,2026-04-06,3416.26,1583.74,Mike,Davis,Synthetic payment failure generated for RAG training - ABANDONED_PENDING_REQUEST,2026-04-06
SS_FEE_UNPAID,CRITICAL,3988,INR25-3988,CR-101988,Orion Energy,BATTERY,FIS,IN_REVIEW,77,0,True,5000,True,7500,True,AUTH-70292341,2026-04-02,7748.55,4751.45,Lisa,Wilson,Synthetic payment failure generated for RAG training - SS_FEE_UNPAID,2026-04-02
PAYMENT_AMOUNT_MISMATCH,HIGH,3993,INR25-3993,CR-101993,SunPower,ESR,FIS,READY_FOR_MODELING,32,10000,True,0,True,7500,True,AUTH-73117761,2026-04-11,14936.89,2563.11,Sarah,Davis,Synthetic payment failure generated for RAG training - PAYMENT_AMOUNT_MISMATCH,2026-04-11
PAYMENT_AMOUNT_MISMATCH,HIGH,3996,INR25-3996,CR-101996,SunPower,CONVENTIONAL,FIS,IN_REVIEW,65,0,False,5000,False,0,True,AUTH-76690005,2026-04-30,2541.34,2458.66,Mike,Davis,Synthetic payment failure generated for RAG training - PAYMENT_AMOUNT_MISMATCH,2026-04-30
PAYMENT_AMOUNT_MISMATCH,HIGH,4018,INR25-4018,CR-102018,Apex Clean Energy,CONVENTIONAL,FIS_SS,PENDING_REVIEW,102,10000,True,0,True,7500,False,AUTH-60734152,2026-04-27,7453.46,10046.54,Mike,Davis,Synthetic payment failure generated for RAG training - PAYMENT_AMOUNT_MISMATCH,2026-04-27
SS_FEE_UNPAID,CRITICAL,4025,INR25-4025,CR-102025,EDF Renewables,WIND,FIS,PENDING_REVIEW,50,10000,False,5000,True,7500,True,AUTH-47752850,2026-04-24,18517.11,3982.89,John,Davis,Synthetic payment failure generated for RAG training - SS_FEE_UNPAID,2026-04-24
PAYMENT_GATEWAY_SYNC_ERROR,HIGH,4037,INR25-4037,CR-102037,Invenergy,CONVENTIONAL,SS,IN_REVIEW,49,0,True,5000,True,7500,True,AUTH-30560975,2026-04-05,9122.96,3377.04,Mike,Wilson,Synthetic payment failure generated for RAG training - PAYMENT_GATEWAY_SYNC_ERROR,2026-04-05
DUPLICATE_PAYMENT,MEDIUM,4048,INR25-4048,CR-102048,Apex Clean Energy,WIND,SS,READY_FOR_MODELING,17,10000,False,5000,False,0,True,AUTH-17507424,2026-04-22,5645.03,9354.97,Mike,Brown,Synthetic payment failure generated for RAG training - DUPLICATE_PAYMENT,2026-04-22
SS_FEE_UNPAID,CRITICAL,4058,INR25-4058,CR-102058,EDF Renewables,CONVENTIONAL,FIS,IN_REVIEW,115,10000,True,0,True,0,False,AUTH-31535727,2026-04-29,4874.21,5125.79,Emma,Brown,Synthetic payment failure generated for RAG training - SS_FEE_UNPAID,2026-04-29
FIS_FEE_UNPAID,CRITICAL,4066,INR25-4066,CR-102066,EDF Renewables,CONVENTIONAL,FIS,READY_FOR_MODELING,5,0,True,0,True,0,True,AUTH-87630954,2026-04-14,0.0,0.0,David,Davis,Synthetic payment failure generated for RAG training - FIS_FEE_UNPAID,2026-04-14
DUPLICATE_PAYMENT,MEDIUM,4115,INR25-4115,CR-102115,EDF Renewables,ESR,FIS,IN_REVIEW,12,0,False,5000,False,7500,True,AUTH-29102658,2026-04-23,3068.37,9431.63,Lisa,Wilson,Synthetic payment failure generated for RAG training - DUPLICATE_PAYMENT,2026-04-23
FIS_FEE_UNPAID,CRITICAL,4121,INR25-4121,CR-102121,NextEra Energy,ESR,SS,READY_FOR_MODELING,20,10000,False,5000,False,7500,False,AUTH-70032106,2026-04-05,17819.94,4680.06,Lisa,Wilson,Synthetic payment failure generated for RAG training - FIS_FEE_UNPAID,2026-04-05
DUPLICATE_PAYMENT,MEDIUM,4122,INR25-4122,CR-102122,EDF Renewables,SOLAR,FIS,IN_REVIEW,102,0,True,5000,True,7500,True,AUTH-76524861,2026-04-18,8443.02,4056.98,John,Davis,Synthetic payment failure generated for RAG training - DUPLICATE_PAYMENT,2026-04-18
FIS_FEE_UNPAID,CRITICAL,4141,INR25-4141,CR-102141,Calpine,WIND,SS,PENDING_REVIEW,19,10000,True,0,True,7500,False,AUTH-10789974,2026-04-21,6916.72,10583.28,Lisa,Smith,Synthetic payment failure generated for RAG training - FIS_FEE_UNPAID,2026-04-21
PAYMENT_AMOUNT_MISMATCH,HIGH,4164,INR25-4164,CR-102164,Apex Clean Energy,SOLAR,FIS_SS,READY_FOR_MODELING,68,10000,True,5000,False,7500,False,AUTH-17205793,2026-04-04,20139.64,2360.36,Emma,Jones,Synthetic payment failure generated for RAG training - PAYMENT_AMOUNT_MISMATCH,2026-04-04
SS_FEE_UNPAID,CRITICAL,4186,INR25-4186,CR-102186,Orion Energy,WIND,FIS_SS,READY_FOR_MODELING,1,10000,False,0,False,7500,False,AUTH-40466171,2026-04-23,4645.75,12854.25,Emma,Wilson,Synthetic payment failure generated for RAG training - SS_FEE_UNPAID,2026-04-23
PAYMENT_AMOUNT_MISMATCH,HIGH,4202,INR25-4202,CR-102202,NextEra Energy,WIND,FIS_SS,READY_FOR_MODELING,85,0,False,0,False,7500,True,AUTH-39386282,2026-04-14,1311.37,6188.63,John,Wilson,Synthetic payment failure generated for RAG training - PAYMENT_AMOUNT_MISMATCH,2026-04-14
FIS_FEE_UNPAID,CRITICAL,4251,INR25-4251,CR-102251,Invenergy,SOLAR,FIS_SS,IN_REVIEW,93,10000,False,0,True,0,False,AUTH-91413200,2026-04-06,335.79,9664.21,Lisa,Jones,Synthetic payment failure generated for RAG training - FIS_FEE_UNPAID,2026-04-06
ANALYSIS_FEE_OUTSTANDING,HIGH,4278,INR25-4278,CR-102278,Calpine,BATTERY,SS,PENDING_REVIEW,28,10000,True,5000,False,0,False,AUTH-58272272,2026-04-07,8724.9,6275.1,Emma,Smith,Synthetic payment failure generated for RAG training - ANALYSIS_FEE_OUTSTANDING,2026-04-07
DUPLICATE_PAYMENT,MEDIUM,4288,INR25-4288,CR-102288,EDF Renewables,SOLAR,FIS_SS,READY_FOR_MODELING,113,10000,False,5000,False,7500,True,AUTH-20071532,2026-04-30,22521.39,0.0,John,Davis,Synthetic payment failure generated for RAG training - DUPLICATE_PAYMENT,2026-04-30
ANALYSIS_FEE_OUTSTANDING,HIGH,4289,INR25-4289,CR-102289,Clearway Energy,SOLAR,FIS,PENDING_REVIEW,3,0,False,5000,True,0,False,AUTH-72002152,2026-04-29,112.55,4887.45,Sarah,Brown,Synthetic payment failure generated for RAG training - ANALYSIS_FEE_OUTSTANDING,2026-04-29
SS_FEE_UNPAID,CRITICAL,4311,INR25-4311,CR-102311,Pattern Energy,SOLAR,FIS,IN_REVIEW,106,0,False,5000,True,0,True,AUTH-88319964,2026-04-14,3639.21,1360.79,Sarah,Davis,Synthetic payment failure generated for RAG training - SS_FEE_UNPAID,2026-04-14
FIS_FEE_UNPAID,CRITICAL,4313,INR25-4313,CR-102313,EDF Renewables,WIND,SS,READY_FOR_MODELING,115,10000,False,0,False,7500,False,AUTH-55174424,2026-04-22,10759.25,6740.75,Sarah,Brown,Synthetic payment failure generated for RAG training - FIS_FEE_UNPAID,2026-04-22
FIS_FEE_UNPAID,CRITICAL,4322,INR25-4322,CR-102322,Clearway Energy,ESR,FIS,PENDING_REVIEW,94,10000,True,0,False,0,False,AUTH-72947597,2026-04-01,2703.04,7296.96,Mike,Smith,Synthetic payment failure generated for RAG training - FIS_FEE_UNPAID,2026-04-01
PAYMENT_AMOUNT_MISMATCH,HIGH,4328,INR25-4328,CR-102328,Pattern Energy,WIND,FIS,READY_FOR_MODELING,48,10000,True,0,False,0,True,AUTH-37682968,2026-04-10,8789.79,1210.21,Emma,Brown,Synthetic payment failure generated for RAG training - PAYMENT_AMOUNT_MISMATCH,2026-04-10
SS_FEE_UNPAID,CRITICAL,4329,INR25-4329,CR-102329,Orion Energy,BATTERY,SS,IN_REVIEW,92,0,True,5000,False,0,True,AUTH-58413972,2026-04-27,5093.32,0.0,Mike,Brown,Synthetic payment failure generated for RAG training - SS_FEE_UNPAID,2026-04-27
PAYMENT_AMOUNT_MISMATCH,HIGH,4352,INR25-4352,CR-102352,EDF Renewables,ESR,SS,PENDING_REVIEW,63,10000,False,5000,False,0,True,AUTH-49714236,2026-04-30,11252.65,3747.35,Lisa,Jones,Synthetic payment failure generated for RAG training - PAYMENT_AMOUNT_MISMATCH,2026-04-30
PAYMENT_GATEWAY_SYNC_ERROR,HIGH,4375,INR25-4375,CR-102375,Vesper Energy,WIND,FIS,PENDING_REVIEW,120,10000,False,5000,True,7500,False,AUTH-21944341,2026-04-08,17510.91,4989.09,Emma,Jones,Synthetic payment failure generated for RAG training - PAYMENT_GATEWAY_SYNC_ERROR,2026-04-08
SS_FEE_UNPAID,CRITICAL,4384,INR25-4384,CR-102384,SunPower,CONVENTIONAL,FIS,PENDING_REVIEW,18,0,False,0,False,0,True,AUTH-50571322,2026-04-04,0.0,0.0,Sarah,Smith,Synthetic payment failure generated for RAG training - SS_FEE_UNPAID,2026-04-04
ANALYSIS_FEE_OUTSTANDING,HIGH,4415,INR25-4415,CR-102415,Invenergy,CONVENTIONAL,FIS_SS,READY_FOR_MODELING,11,10000,False,0,False,0,False,AUTH-38530039,2026-04-22,7690.72,2309.28,Sarah,Brown,Synthetic payment failure generated for RAG training - ANALYSIS_FEE_OUTSTANDING,2026-04-22
FIS_FEE_UNPAID,CRITICAL,4417,INR25-4417,CR-102417,Vesper Energy,ESR,SS,PENDING_REVIEW,62,0,True,5000,True,0,True,AUTH-44160502,2026-04-13,4938.5,61.5,John,Smith,Synthetic payment failure generated for RAG training - FIS_FEE_UNPAID,2026-04-13
SS_FEE_UNPAID,CRITICAL,4418,INR25-4418,CR-102418,SunPower,SOLAR,SS,PENDING_REVIEW,22,0,True,0,False,7500,True,AUTH-13356404,2026-04-16,5173.57,2326.43,Mike,Wilson,Synthetic payment failure generated for RAG training - SS_FEE_UNPAID,2026-04-16
FIS_FEE_UNPAID,CRITICAL,4446,INR25-4446,CR-102446,SunPower,ESR,SS,READY_FOR_MODELING,4,10000,False,5000,False,0,True,AUTH-69844182,2026-04-22,7025.27,7974.73,Mike,Wilson,Synthetic payment failure generated for RAG training - FIS_FEE_UNPAID,2026-04-22
PAYMENT_AMOUNT_MISMATCH,HIGH,4449,INR25-4449,CR-102449,Pattern Energy,SOLAR,FIS_SS,IN_REVIEW,114,10000,True,0,False,0,False,AUTH-28926031,2026-04-14,1241.02,8758.98,Mike,Smith,Synthetic payment failure generated for RAG training - PAYMENT_AMOUNT_MISMATCH,2026-04-14
PAYMENT_GATEWAY_SYNC_ERROR,HIGH,4455,INR25-4455,CR-102455,Apex Clean Energy,WIND,FIS,IN_REVIEW,87,10000,False,5000,False,0,True,AUTH-75252581,2026-04-20,14100.81,899.19,Mike,Smith,Synthetic payment failure generated for RAG training - PAYMENT_GATEWAY_SYNC_ERROR,2026-04-20
ANALYSIS_FEE_OUTSTANDING,HIGH,4460,INR25-4460,CR-102460,SunPower,ESR,FIS,IN_REVIEW,87,10000,True,5000,True,0,True,AUTH-40074237,2026-04-15,3448.92,11551.08,Emma,Wilson,Synthetic payment failure generated for RAG training - ANALYSIS_FEE_OUTSTANDING,2026-04-15
FIS_FEE_UNPAID,CRITICAL,4482,INR25-4482,CR-102482,Apex Clean Energy,SOLAR,SS,PENDING_REVIEW,27,10000,False,5000,False,7500,True,AUTH-35147779,2026-04-24,2955.61,19544.39,Sarah,Brown,Synthetic payment failure generated for RAG training - FIS_FEE_UNPAID,2026-04-24
FIS_FEE_UNPAID,CRITICAL,4493,INR25-4493,CR-102493,Orion Energy,BATTERY,SS,IN_REVIEW,82,0,True,5000,True,0,True,AUTH-30844067,2026-04-09,4579.32,420.68,Emma,Brown,Synthetic payment failure generated for RAG training - FIS_FEE_UNPAID,2026-04-09
DUPLICATE_PAYMENT,MEDIUM,4504,INR25-4504,CR-102504,Calpine,ESR,FIS,PENDING_REVIEW,76,0,False,5000,False,7500,False,AUTH-14559011,2026-04-19,9066.1,3433.9,Mike,Brown,Synthetic payment failure generated for RAG training - DUPLICATE_PAYMENT,2026-04-19
ANALYSIS_FEE_OUTSTANDING,HIGH,4545,INR25-4545,CR-102545,Pattern Energy,BATTERY,SS,READY_FOR_MODELING,97,0,True,0,False,0,False,AUTH-90578161,2026-04-04,0.0,0.0,David,Jones,Synthetic payment failure generated for RAG training - ANALYSIS_FEE_OUTSTANDING,2026-04-04
PAYMENT_GATEWAY_SYNC_ERROR,HIGH,4567,INR25-4567,CR-102567,Vesper Energy,CONVENTIONAL,FIS_SS,IN_REVIEW,96,0,False,5000,True,0,False,AUTH-37666641,2026-04-07,970.56,4029.44,Emma,Brown,Synthetic payment failure generated for RAG training - PAYMENT_GATEWAY_SYNC_ERROR,2026-04-07
SS_FEE_UNPAID,CRITICAL,4587,INR25-4587,CR-102587,Vesper Energy,CONVENTIONAL,FIS_SS,PENDING_REVIEW,43,0,True,0,True,0,False,AUTH-12158074,2026-04-04,0.0,0.0,Sarah,Jones,Synthetic payment failure generated for RAG training - SS_FEE_UNPAID,2026-04-04
SS_FEE_UNPAID,CRITICAL,4589,INR25-4589,CR-102589,Apex Clean Energy,CONVENTIONAL,FIS,IN_REVIEW,3,0,True,0,True,0,True,AUTH-49005302,2026-04-21,0.0,0.0,David,Davis,Synthetic payment failure generated for RAG training - SS_FEE_UNPAID,2026-04-21
ANALYSIS_FEE_OUTSTANDING,HIGH,4614,INR25-4614,CR-102614,Invenergy,CONVENTIONAL,FIS,PENDING_REVIEW,96,0,False,0,True,7500,True,AUTH-97581747,2026-04-14,948.48,6551.52,Sarah,Brown,Synthetic payment failure generated for RAG training - ANALYSIS_FEE_OUTSTANDING,2026-04-14
PAYMENT_GATEWAY_SYNC_ERROR,HIGH,4624,INR25-4624,CR-102624,Pattern Energy,CONVENTIONAL,FIS,READY_FOR_MODELING,96,10000,False,0,False,7500,False,AUTH-72923044,2026-04-06,17746.84,0.0,Emma,Smith,Synthetic payment failure generated for RAG training - PAYMENT_GATEWAY_SYNC_ERROR,2026-04-06
ANALYSIS_FEE_OUTSTANDING,HIGH,4634,INR25-4634,CR-102634,Clearway Energy,BATTERY,FIS,IN_REVIEW,36,10000,False,5000,True,0,True,AUTH-74358969,2026-04-21,15444.37,0.0,Lisa,Jones,Synthetic payment failure generated for RAG training - ANALYSIS_FEE_OUTSTANDING,2026-04-21
PAYMENT_GATEWAY_SYNC_ERROR,HIGH,4637,INR25-4637,CR-102637,SunPower,ESR,FIS,PENDING_REVIEW,53,10000,False,0,True,0,False,AUTH-87926851,2026-04-16,2966.49,7033.51,John,Wilson,Synthetic payment failure generated for RAG training - PAYMENT_GATEWAY_SYNC_ERROR,2026-04-16
ABANDONED_PENDING_REQUEST,MEDIUM,4646,INR25-4646,CR-102646,Apex Clean Energy,WIND,SS,READY_FOR_MODELING,120,0,False,5000,False,0,True,AUTH-87986452,2026-04-30,2557.88,2442.12,Emma,Wilson,Synthetic payment failure generated for RAG training - ABANDONED_PENDING_REQUEST,2026-04-30
PAYMENT_GATEWAY_SYNC_ERROR,HIGH,4652,INR25-4652,CR-102652,Calpine,SOLAR,FIS,READY_FOR_MODELING,90,0,True,5000,False,0,True,AUTH-35485519,2026-04-17,4787.35,212.65,John,Davis,Synthetic payment failure generated for RAG training - PAYMENT_GATEWAY_SYNC_ERROR,2026-04-17
PAYMENT_GATEWAY_SYNC_ERROR,HIGH,4653,INR25-4653,CR-102653,Vesper Energy,SOLAR,FIS,IN_REVIEW,71,10000,True,0,False,0,True,AUTH-34583488,2026-04-07,8574.3,1425.7,David,Wilson,Synthetic payment failure generated for RAG training - PAYMENT_GATEWAY_SYNC_ERROR,2026-04-07
PAYMENT_GATEWAY_SYNC_ERROR,HIGH,4662,INR25-4662,CR-102662,Calpine,CONVENTIONAL,SS,READY_FOR_MODELING,29,10000,False,5000,True,0,True,AUTH-64150132,2026-04-30,5478.55,9521.45,Mike,Davis,Synthetic payment failure generated for RAG training - PAYMENT_GATEWAY_SYNC_ERROR,2026-04-30
PAYMENT_AMOUNT_MISMATCH,HIGH,4669,INR25-4669,CR-102669,Vesper Energy,SOLAR,FIS_SS,READY_FOR_MODELING,83,10000,False,5000,True,7500,False,AUTH-41076790,2026-04-24,9005.53,13494.47,Emma,Jones,Synthetic payment failure generated for RAG training - PAYMENT_AMOUNT_MISMATCH,2026-04-24
FIS_FEE_UNPAID,CRITICAL,4694,INR25-4694,CR-102694,Calpine,SOLAR,SS,READY_FOR_MODELING,64,10000,False,5000,True,0,True,AUTH-35271186,2026-04-28,8904.43,6095.57,John,Davis,Synthetic payment failure generated for RAG training - FIS_FEE_UNPAID,2026-04-28
DUPLICATE_PAYMENT,MEDIUM,4713,INR25-4713,CR-102713,NextEra Energy,ESR,FIS_SS,READY_FOR_MODELING,109,10000,True,5000,False,0,False,AUTH-87390294,2026-04-25,10440.15,4559.85,Emma,Brown,Synthetic payment failure generated for RAG training - DUPLICATE_PAYMENT,2026-04-25
PAYMENT_GATEWAY_SYNC_ERROR,HIGH,4743,INR25-4743,CR-102743,NextEra Energy,SOLAR,SS,IN_REVIEW,111,10000,True,0,False,0,True,AUTH-56857367,2026-04-27,10172.31,0.0,Emma,Wilson,Synthetic payment failure generated for RAG training - PAYMENT_GATEWAY_SYNC_ERROR,2026-04-27
FIS_FEE_UNPAID,CRITICAL,4748,INR25-4748,CR-102748,NextEra Energy,ESR,SS,IN_REVIEW,33,10000,True,0,False,0,False,AUTH-74562374,2026-04-05,3720.18,6279.82,David,Davis,Synthetic payment failure generated for RAG training - FIS_FEE_UNPAID,2026-04-05
DUPLICATE_PAYMENT,MEDIUM,4753,INR25-4753,CR-102753,Orion Energy,WIND,FIS,IN_REVIEW,86,10000,False,5000,False,0,False,AUTH-86795238,2026-04-26,10626.33,4373.67,David,Jones,Synthetic payment failure generated for RAG training - DUPLICATE_PAYMENT,2026-04-26
ABANDONED_PENDING_REQUEST,MEDIUM,4763,INR25-4763,CR-102763,Orion Energy,CONVENTIONAL,FIS,PENDING_REVIEW,56,10000,False,0,True,7500,False,AUTH-76535808,2026-04-25,889.03,16610.97,David,Wilson,Synthetic payment failure generated for RAG training - ABANDONED_PENDING_REQUEST,2026-04-25
ABANDONED_PENDING_REQUEST,MEDIUM,4776,INR25-4776,CR-102776,Pattern Energy,ESR,FIS,IN_REVIEW,68,10000,True,0,False,0,False,AUTH-39798686,2026-04-01,5020.3,4979.7,Mike,Brown,Synthetic payment failure generated for RAG training - ABANDONED_PENDING_REQUEST,2026-04-01
ANALYSIS_FEE_OUTSTANDING,HIGH,4839,INR25-4839,CR-102839,Calpine,SOLAR,FIS,PENDING_REVIEW,37,10000,False,5000,False,0,False,AUTH-20674593,2026-04-27,15140.63,0.0,John,Davis,Synthetic payment failure generated for RAG training - ANALYSIS_FEE_OUTSTANDING,2026-04-27
SS_FEE_UNPAID,CRITICAL,4842,INR25-4842,CR-102842,EDF Renewables,WIND,SS,READY_FOR_MODELING,19,10000,False,5000,False,7500,False,AUTH-80504584,2026-04-18,7299.08,15200.92,David,Davis,Synthetic payment failure generated for RAG training - SS_FEE_UNPAID,2026-04-18
ABANDONED_PENDING_REQUEST,MEDIUM,4858,INR25-4858,CR-102858,NextEra Energy,BATTERY,SS,IN_REVIEW,107,10000,False,0,True,0,True,AUTH-84663795,2026-04-29,6754.73,3245.27,David,Wilson,Synthetic payment failure generated for RAG training - ABANDONED_PENDING_REQUEST,2026-04-29
ABANDONED_PENDING_REQUEST,MEDIUM,4867,INR25-4867,CR-102867,Orion Energy,SOLAR,FIS,PENDING_REVIEW,108,10000,False,5000,False,0,True,AUTH-72123490,2026-04-10,1935.1,13064.9,Sarah,Smith,Synthetic payment failure generated for RAG training - ABANDONED_PENDING_REQUEST,2026-04-10
SS_FEE_UNPAID,CRITICAL,4876,INR25-4876,CR-102876,SunPower,SOLAR,FIS,PENDING_REVIEW,66,10000,True,0,True,0,False,AUTH-87875106,2026-04-24,1299.78,8700.22,John,Smith,Synthetic payment failure generated for RAG training - SS_FEE_UNPAID,2026-04-24
ANALYSIS_FEE_OUTSTANDING,HIGH,4878,INR25-4878,CR-102878,Invenergy,CONVENTIONAL,FIS_SS,PENDING_REVIEW,56,0,True,5000,True,0,False,AUTH-16708244,2026-04-12,5498.12,0.0,Emma,Davis,Synthetic payment failure generated for RAG training - ANALYSIS_FEE_OUTSTANDING,2026-04-12
ANALYSIS_FEE_OUTSTANDING,HIGH,4882,INR25-4882,CR-102882,Invenergy,CONVENTIONAL,FIS,READY_FOR_MODELING,108,10000,False,5000,True,7500,True,AUTH-58707183,2026-04-09,15970.38,6529.62,John,Wilson,Synthetic payment failure generated for RAG training - ANALYSIS_FEE_OUTSTANDING,2026-04-09
SS_FEE_UNPAID,CRITICAL,4915,INR25-4915,CR-102915,SunPower,SOLAR,SS,PENDING_REVIEW,22,0,True,0,True,0,False,AUTH-56715435,2026-04-26,0.0,0.0,John,Wilson,Synthetic payment failure generated for RAG training - SS_FEE_UNPAID,2026-04-26
ANALYSIS_FEE_OUTSTANDING,HIGH,4917,INR25-4917,CR-102917,Apex Clean Energy,WIND,FIS_SS,PENDING_REVIEW,87,0,False,5000,True,7500,False,AUTH-56409359,2026-04-21,1294.48,11205.52,David,Wilson,Synthetic payment failure generated for RAG training - ANALYSIS_FEE_OUTSTANDING,2026-04-21
PAYMENT_AMOUNT_MISMATCH,HIGH,4918,INR25-4918,CR-102918,NextEra Energy,BATTERY,FIS_SS,IN_REVIEW,11,10000,True,0,True,0,False,AUTH-55548057,2026-04-22,1564.01,8435.99,Sarah,Brown,Synthetic payment failure generated for RAG training - PAYMENT_AMOUNT_MISMATCH,2026-04-22
ABANDONED_PENDING_REQUEST,MEDIUM,4930,INR25-4930,CR-102930,Apex Clean Energy,ESR,SS,PENDING_REVIEW,94,0,True,5000,True,0,True,AUTH-85432029,2026-04-06,83.12,4916.88,Lisa,Brown,Synthetic payment failure generated for RAG training - ABANDONED_PENDING_REQUEST,2026-04-06
DUPLICATE_PAYMENT,MEDIUM,4950,INR25-4950,CR-102950,Pattern Energy,WIND,FIS,READY_FOR_MODELING,67,10000,True,0,False,0,False,AUTH-86795741,2026-04-05,8548.03,1451.97,Mike,Jones,Synthetic payment failure generated for RAG training - DUPLICATE_PAYMENT,2026-04-05
ABANDONED_PENDING_REQUEST,MEDIUM,5005,INR25-5005,CR-103005,Clearway Energy,SOLAR,FIS_SS,IN_REVIEW,11,10000,True,5000,True,0,True,AUTH-34276541,2026-04-19,11254.11,3745.89,John,Jones,Synthetic payment failure generated for RAG training - ABANDONED_PENDING_REQUEST,2026-04-19
PAYMENT_AMOUNT_MISMATCH,HIGH,5024,INR25-5024,CR-103024,EDF Renewables,ESR,FIS,PENDING_REVIEW,44,10000,False,0,True,0,True,AUTH-58506018,2026-04-14,2459.56,7540.44,Emma,Wilson,Synthetic payment failure generated for RAG training - PAYMENT_AMOUNT_MISMATCH,2026-04-14
PAYMENT_GATEWAY_SYNC_ERROR,HIGH,5044,INR25-5044,CR-103044,Calpine,SOLAR,FIS_SS,READY_FOR_MODELING,8,0,False,0,True,7500,True,AUTH-70980882,2026-04-28,2220.19,5279.81,Emma,Jones,Synthetic payment failure generated for RAG training - PAYMENT_GATEWAY_SYNC_ERROR,2026-04-28
DUPLICATE_PAYMENT,MEDIUM,5045,INR25-5045,CR-103045,Apex Clean Energy,WIND,FIS,READY_FOR_MODELING,99,0,True,5000,False,0,True,AUTH-62404345,2026-04-14,3642.12,1357.88,Sarah,Wilson,Synthetic payment failure generated for RAG training - DUPLICATE_PAYMENT,2026-04-14
DUPLICATE_PAYMENT,MEDIUM,5053,INR25-5053,CR-103053,Vesper Energy,SOLAR,SS,PENDING_REVIEW,49,0,True,0,False,0,True,AUTH-49379107,2026-04-04,0.0,0.0,Lisa,Brown,Synthetic payment failure generated for RAG training - DUPLICATE_PAYMENT,2026-04-04
ABANDONED_PENDING_REQUEST,MEDIUM,5057,INR25-5057,CR-103057,Pattern Energy,SOLAR,FIS_SS,PENDING_REVIEW,21,0,True,0,True,7500,False,AUTH-85654679,2026-04-18,7337.36,162.64,David,Brown,Synthetic payment failure generated for RAG training - ABANDONED_PENDING_REQUEST,2026-04-18
ANALYSIS_FEE_OUTSTANDING,HIGH,5087,INR25-5087,CR-103087,Pattern Energy,CONVENTIONAL,FIS,READY_FOR_MODELING,90,10000,False,0,False,7500,False,AUTH-60445832,2026-04-06,19200.36,0.0,Mike,Smith,Synthetic payment failure generated for RAG training - ANALYSIS_FEE_OUTSTANDING,2026-04-06
PAYMENT_AMOUNT_MISMATCH,HIGH,5115,INR25-5115,CR-103115,Invenergy,CONVENTIONAL,SS,READY_FOR_MODELING,90,0,True,0,False,7500,False,AUTH-20317859,2026-04-01,7767.32,0.0,Mike,Wilson,Synthetic payment failure generated for RAG training - PAYMENT_AMOUNT_MISMATCH,2026-04-01
PAYMENT_GATEWAY_SYNC_ERROR,HIGH,5123,INR25-5123,CR-103123,Vesper Energy,SOLAR,FIS_SS,PENDING_REVIEW,44,10000,True,0,True,7500,True,AUTH-15778222,2026-04-26,6818.75,10681.25,David,Wilson,Synthetic payment failure generated for RAG training - PAYMENT_GATEWAY_SYNC_ERROR,2026-04-26
PAYMENT_AMOUNT_MISMATCH,HIGH,5126,INR25-5126,CR-103126,Vesper Energy,BATTERY,FIS_SS,PENDING_REVIEW,31,0,True,5000,True,0,False,AUTH-69384309,2026-04-19,2271.81,2728.19,Mike,Wilson,Synthetic payment failure generated for RAG training - PAYMENT_AMOUNT_MISMATCH,2026-04-19
ANALYSIS_FEE_OUTSTANDING,HIGH,5138,INR25-5138,CR-103138,Clearway Energy,BATTERY,SS,READY_FOR_MODELING,74,10000,True,5000,True,0,True,AUTH-48320618,2026-04-05,1727.35,13272.65,Lisa,Jones,Synthetic payment failure generated for RAG training - ANALYSIS_FEE_OUTSTANDING,2026-04-05
PAYMENT_GATEWAY_SYNC_ERROR,HIGH,5139,INR25-5139,CR-103139,Invenergy,BATTERY,SS,PENDING_REVIEW,15,10000,False,0,False,0,False,AUTH-10607908,2026-04-25,3249.43,6750.57,Lisa,Wilson,Synthetic payment failure generated for RAG training - PAYMENT_GATEWAY_SYNC_ERROR,2026-04-25
PAYMENT_AMOUNT_MISMATCH,HIGH,5145,INR25-5145,CR-103145,Invenergy,CONVENTIONAL,SS,PENDING_REVIEW,100,0,False,5000,True,7500,False,AUTH-97322640,2026-04-07,3758.9,8741.1,David,Brown,Synthetic payment failure generated for RAG training - PAYMENT_AMOUNT_MISMATCH,2026-04-07
DUPLICATE_PAYMENT,MEDIUM,5186,INR25-5186,CR-103186,Orion Energy,ESR,SS,PENDING_REVIEW,20,0,True,0,False,7500,False,AUTH-86084203,2026-04-08,195.58,7304.42,Emma,Brown,Synthetic payment failure generated for RAG training - DUPLICATE_PAYMENT,2026-04-08
PAYMENT_GATEWAY_SYNC_ERROR,HIGH,5192,INR25-5192,CR-103192,Pattern Energy,SOLAR,FIS,IN_REVIEW,92,10000,False,0,True,7500,True,AUTH-10247780,2026-04-03,15657.35,1842.65,John,Smith,Synthetic payment failure generated for RAG training - PAYMENT_GATEWAY_SYNC_ERROR,2026-04-03
ABANDONED_PENDING_REQUEST,MEDIUM,5194,INR25-5194,CR-103194,Clearway Energy,BATTERY,FIS,IN_REVIEW,115,0,True,5000,True,7500,True,AUTH-75319238,2026-04-28,1367.31,11132.69,Mike,Wilson,Synthetic payment failure generated for RAG training - ABANDONED_PENDING_REQUEST,2026-04-28
FIS_FEE_UNPAID,CRITICAL,5195,INR25-5195,CR-103195,SunPower,BATTERY,SS,READY_FOR_MODELING,98,10000,False,0,True,0,True,AUTH-68518015,2026-04-26,3770.13,6229.87,Lisa,Jones,Synthetic payment failure generated for RAG training - FIS_FEE_UNPAID,2026-04-26
PAYMENT_GATEWAY_SYNC_ERROR,HIGH,5204,INR25-5204,CR-103204,Clearway Energy,WIND,FIS_SS,IN_REVIEW,65,10000,True,0,True,7500,False,AUTH-25191101,2026-04-15,13601.03,3898.97,John,Wilson,Synthetic payment failure generated for RAG training - PAYMENT_GATEWAY_SYNC_ERROR,2026-04-15
DUPLICATE_PAYMENT,MEDIUM,5217,INR25-5217,CR-103217,EDF Renewables,CONVENTIONAL,FIS,IN_REVIEW,42,0,True,5000,False,0,False,AUTH-30897506,2026-04-27,2739.37,2260.63,Emma,Brown,Synthetic payment failure generated for RAG training - DUPLICATE_PAYMENT,2026-04-27
SS_FEE_UNPAID,CRITICAL,5239,INR25-5239,CR-103239,Invenergy,BATTERY,SS,READY_FOR_MODELING,15,0,True,0,False,0,False,AUTH-70340868,2026-04-13,0.0,0.0,Sarah,Davis,Synthetic payment failure generated for RAG training - SS_FEE_UNPAID,2026-04-13
SS_FEE_UNPAID,CRITICAL,5241,INR25-5241,CR-103241,EDF Renewables,SOLAR,FIS_SS,IN_REVIEW,23,0,True,5000,False,0,True,AUTH-94641030,2026-04-09,777.2,4222.8,Emma,Davis,Synthetic payment failure generated for RAG training - SS_FEE_UNPAID,2026-04-09
PAYMENT_AMOUNT_MISMATCH,HIGH,5256,INR25-5256,CR-103256,Vesper Energy,BATTERY,FIS,IN_REVIEW,16,10000,False,5000,True,0,True,AUTH-67340525,2026-04-27,2866.45,12133.55,Emma,Jones,Synthetic payment failure generated for RAG training - PAYMENT_AMOUNT_MISMATCH,2026-04-27
ABANDONED_PENDING_REQUEST,MEDIUM,5260,INR25-5260,CR-103260,Pattern Energy,SOLAR,FIS,PENDING_REVIEW,71,10000,False,0,True,7500,True,AUTH-18748806,2026-04-15,8591.36,8908.64,Lisa,Smith,Synthetic payment failure generated for RAG training - ABANDONED_PENDING_REQUEST,2026-04-15
PAYMENT_GATEWAY_SYNC_ERROR,HIGH,5261,INR25-5261,CR-103261,Vesper Energy,ESR,FIS_SS,IN_REVIEW,63,10000,False,5000,True,7500,True,AUTH-91541675,2026-04-27,18398.87,4101.13,Sarah,Brown,Synthetic payment failure generated for RAG training - PAYMENT_GATEWAY_SYNC_ERROR,2026-04-27
DUPLICATE_PAYMENT,MEDIUM,5271,INR25-5271,CR-103271,Orion Energy,ESR,FIS,PENDING_REVIEW,7,10000,False,0,False,0,False,AUTH-53012958,2026-04-22,4049.98,5950.02,John,Smith,Synthetic payment failure generated for RAG training - DUPLICATE_PAYMENT,2026-04-22
PAYMENT_GATEWAY_SYNC_ERROR,HIGH,5288,INR25-5288,CR-103288,EDF Renewables,CONVENTIONAL,FIS_SS,PENDING_REVIEW,74,10000,True,5000,True,0,True,AUTH-33615121,2026-04-30,2210.14,12789.86,John,Brown,Synthetic payment failure generated for RAG training - PAYMENT_GATEWAY_SYNC_ERROR,2026-04-30
FIS_FEE_UNPAID,CRITICAL,5293,INR25-5293,CR-103293,Orion Energy,BATTERY,SS,IN_REVIEW,55,10000,True,5000,False,0,True,AUTH-56821899,2026-04-03,12386.65,2613.35,David,Brown,Synthetic payment failure generated for RAG training - FIS_FEE_UNPAID,2026-04-03
ANALYSIS_FEE_OUTSTANDING,HIGH,5304,INR25-5304,CR-103304,Calpine,CONVENTIONAL,SS,IN_REVIEW,117,0,False,0,False,7500,False,AUTH-32552579,2026-04-29,5090.31,2409.69,John,Smith,Synthetic payment failure generated for RAG training - ANALYSIS_FEE_OUTSTANDING,2026-04-29
FIS_FEE_UNPAID,CRITICAL,5314,INR25-5314,CR-103314,NextEra Energy,CONVENTIONAL,SS,PENDING_REVIEW,113,0,True,0,False,0,False,AUTH-79666951,2026-04-27,0.0,0.0,Mike,Jones,Synthetic payment failure generated for RAG training - FIS_FEE_UNPAID,2026-04-27
SS_FEE_UNPAID,CRITICAL,5325,INR25-5325,CR-103325,Orion Energy,CONVENTIONAL,FIS,PENDING_REVIEW,10,0,True,5000,True,0,True,AUTH-68635179,2026-04-09,5396.61,0.0,Emma,Wilson,Synthetic payment failure generated for RAG training - SS_FEE_UNPAID,2026-04-09
PAYMENT_GATEWAY_SYNC_ERROR,HIGH,5326,INR25-5326,CR-103326,Orion Energy,ESR,FIS,PENDING_REVIEW,96,10000,False,5000,True,0,False,AUTH-43736861,2026-04-13,10151.57,4848.43,Sarah,Jones,Synthetic payment failure generated for RAG training - PAYMENT_GATEWAY_SYNC_ERROR,2026-04-13
PAYMENT_AMOUNT_MISMATCH,HIGH,5329,INR25-5329,CR-103329,Calpine,WIND,SS,PENDING_REVIEW,68,10000,False,5000,True,0,False,AUTH-59084263,2026-04-06,3730.88,11269.12,Mike,Wilson,Synthetic payment failure generated for RAG training - PAYMENT_AMOUNT_MISMATCH,2026-04-06
ABANDONED_PENDING_REQUEST,MEDIUM,5333,INR25-5333,CR-103333,Orion Energy,WIND,SS,IN_REVIEW,25,0,True,0,True,0,False,AUTH-96965354,2026-04-17,0.0,0.0,Sarah,Smith,Synthetic payment failure generated for RAG training - ABANDONED_PENDING_REQUEST,2026-04-17
ABANDONED_PENDING_REQUEST,MEDIUM,5367,INR25-5367,CR-103367,Vesper Energy,ESR,FIS,IN_REVIEW,107,0,False,0,False,0,False,AUTH-79533196,2026-04-12,0.0,0.0,Sarah,Jones,Synthetic payment failure generated for RAG training - ABANDONED_PENDING_REQUEST,2026-04-12
FIS_FEE_UNPAID,CRITICAL,5373,INR25-5373,CR-103373,Invenergy,BATTERY,SS,IN_REVIEW,54,0,False,0,False,0,False,AUTH-37010751,2026-04-28,0.0,0.0,Lisa,Wilson,Synthetic payment failure generated for RAG training - FIS_FEE_UNPAID,2026-04-28
PAYMENT_GATEWAY_SYNC_ERROR,HIGH,5376,INR25-5376,CR-103376,Orion Energy,SOLAR,SS,IN_REVIEW,113,0,True,0,True,7500,True,AUTH-57799697,2026-04-24,5543.92,1956.08,Emma,Wilson,Synthetic payment failure generated for RAG training - PAYMENT_GATEWAY_SYNC_ERROR,2026-04-24
PAYMENT_AMOUNT_MISMATCH,HIGH,5386,INR25-5386,CR-103386,Orion Energy,ESR,FIS_SS,IN_REVIEW,103,10000,False,0,False,0,True,AUTH-85949908,2026-04-22,8371.74,1628.26,Emma,Smith,Synthetic payment failure generated for RAG training - PAYMENT_AMOUNT_MISMATCH,2026-04-22
SS_FEE_UNPAID,CRITICAL,5393,INR25-5393,CR-103393,Orion Energy,ESR,FIS,PENDING_REVIEW,41,10000,True,5000,False,7500,False,AUTH-28357154,2026-04-12,3790.96,18709.04,John,Wilson,Synthetic payment failure generated for RAG training - SS_FEE_UNPAID,2026-04-12
DUPLICATE_PAYMENT,MEDIUM,5401,INR25-5401,CR-103401,Apex Clean Energy,SOLAR,SS,IN_REVIEW,66,10000,False,0,False,7500,False,AUTH-38076307,2026-04-25,13702.85,3797.15,Sarah,Davis,Synthetic payment failure generated for RAG training - DUPLICATE_PAYMENT,2026-04-25
SS_FEE_UNPAID,CRITICAL,5408,INR25-5408,CR-103408,Vesper Energy,WIND,FIS,IN_REVIEW,97,10000,False,5000,False,7500,True,AUTH-61455426,2026-04-12,1549.58,20950.42,Sarah,Wilson,Synthetic payment failure generated for RAG training - SS_FEE_UNPAID,2026-04-12
ABANDONED_PENDING_REQUEST,MEDIUM,5420,INR25-5420,CR-103420,SunPower,SOLAR,FIS,READY_FOR_MODELING,91,10000,True,5000,True,0,False,AUTH-22943145,2026-04-05,10680.55,4319.45,John,Wilson,Synthetic payment failure generated for RAG training - ABANDONED_PENDING_REQUEST,2026-04-05
ABANDONED_PENDING_REQUEST,MEDIUM,5421,INR25-5421,CR-103421,Apex Clean Energy,ESR,FIS_SS,IN_REVIEW,70,0,False,0,True,7500,True,AUTH-12801814,2026-04-29,5532.53,1967.47,Sarah,Jones,Synthetic payment failure generated for RAG training - ABANDONED_PENDING_REQUEST,2026-04-29
ANALYSIS_FEE_OUTSTANDING,HIGH,5460,INR25-5460,CR-103460,Clearway Energy,ESR,SS,READY_FOR_MODELING,101,0,True,0,True,7500,False,AUTH-49093494,2026-04-03,6783.33,716.67,John,Wilson,Synthetic payment failure generated for RAG training - ANALYSIS_FEE_OUTSTANDING,2026-04-03
FIS_FEE_UNPAID,CRITICAL,5461,INR25-5461,CR-103461,Apex Clean Energy,CONVENTIONAL,FIS_SS,PENDING_REVIEW,107,0,True,5000,True,0,False,AUTH-52140332,2026-04-28,5398.26,0.0,Sarah,Wilson,Synthetic payment failure generated for RAG training - FIS_FEE_UNPAID,2026-04-28
FIS_FEE_UNPAID,CRITICAL,5474,INR25-5474,CR-103474,Invenergy,BATTERY,FIS_SS,READY_FOR_MODELING,112,10000,True,5000,False,7500,True,AUTH-49589196,2026-04-22,15325.77,7174.23,Mike,Davis,Synthetic payment failure generated for RAG training - FIS_FEE_UNPAID,2026-04-22
DUPLICATE_PAYMENT,MEDIUM,5481,INR25-5481,CR-103481,Vesper Energy,BATTERY,FIS_SS,READY_FOR_MODELING,120,10000,False,0,True,0,True,AUTH-38919457,2026-04-09,3808.69,6191.31,Emma,Brown,Synthetic payment failure generated for RAG training - DUPLICATE_PAYMENT,2026-04-09
FIS_FEE_UNPAID,CRITICAL,5491,INR25-5491,CR-103491,Apex Clean Energy,BATTERY,FIS,IN_REVIEW,1,10000,True,0,True,7500,True,AUTH-60688710,2026-04-06,13926.66,3573.34,Emma,Smith,Synthetic payment failure generated for RAG training - FIS_FEE_UNPAID,2026-04-06
PAYMENT_AMOUNT_MISMATCH,HIGH,5497,INR25-5497,CR-103497,EDF Renewables,SOLAR,FIS_SS,PENDING_REVIEW,90,0,False,0,False,7500,True,AUTH-67447556,2026-04-08,3029.29,4470.71,John,Smith,Synthetic payment failure generated for RAG training - PAYMENT_AMOUNT_MISMATCH,2026-04-08
PAYMENT_AMOUNT_MISMATCH,HIGH,5520,INR25-5520,CR-103520,EDF Renewables,SOLAR,FIS,PENDING_REVIEW,46,0,True,5000,False,0,True,AUTH-99286120,2026-04-13,4389.98,610.02,John,Jones,Synthetic payment failure generated for RAG training - PAYMENT_AMOUNT_MISMATCH,2026-04-13
ABANDONED_PENDING_REQUEST,MEDIUM,5525,INR25-5525,CR-103525,Calpine,SOLAR,FIS_SS,IN_REVIEW,80,10000,True,0,True,7500,False,AUTH-55845652,2026-04-08,12976.01,4523.99,Emma,Jones,Synthetic payment failure generated for RAG training - ABANDONED_PENDING_REQUEST,2026-04-08
PAYMENT_AMOUNT_MISMATCH,HIGH,5585,INR25-5585,CR-103585,SunPower,BATTERY,FIS,PENDING_REVIEW,4,0,True,0,False,0,False,AUTH-46800106,2026-04-17,0.0,0.0,John,Brown,Synthetic payment failure generated for RAG training - PAYMENT_AMOUNT_MISMATCH,2026-04-17
ANALYSIS_FEE_OUTSTANDING,HIGH,5589,INR25-5589,CR-103589,Pattern Energy,BATTERY,SS,IN_REVIEW,65,10000,False,5000,True,7500,False,AUTH-97179414,2026-04-10,5061.52,17438.48,Lisa,Wilson,Synthetic payment failure generated for RAG training - ANALYSIS_FEE_OUTSTANDING,2026-04-10
ABANDONED_PENDING_REQUEST,MEDIUM,5597,INR25-5597,CR-103597,Apex Clean Energy,BATTERY,SS,READY_FOR_MODELING,33,10000,False,0,False,7500,True,AUTH-23755244,2026-04-25,12722.93,4777.07,David,Smith,Synthetic payment failure generated for RAG training - ABANDONED_PENDING_REQUEST,2026-04-25
PAYMENT_AMOUNT_MISMATCH,HIGH,5612,INR25-5612,CR-103612,Vesper Energy,SOLAR,FIS,PENDING_REVIEW,17,0,False,0,False,0,True,AUTH-98983740,2026-04-11,0.0,0.0,David,Davis,Synthetic payment failure generated for RAG training - PAYMENT_AMOUNT_MISMATCH,2026-04-11
PAYMENT_AMOUNT_MISMATCH,HIGH,5635,INR25-5635,CR-103635,Vesper Energy,ESR,FIS_SS,IN_REVIEW,2,0,False,5000,False,0,False,AUTH-23466044,2026-04-03,1653.73,3346.27,John,Wilson,Synthetic payment failure generated for RAG training - PAYMENT_AMOUNT_MISMATCH,2026-04-03
PAYMENT_GATEWAY_SYNC_ERROR,HIGH,5673,INR25-5673,CR-103673,EDF Renewables,ESR,SS,PENDING_REVIEW,92,0,True,0,True,7500,True,AUTH-28544841,2026-04-03,7039.52,460.48,Mike,Jones,Synthetic payment failure generated for RAG training - PAYMENT_GATEWAY_SYNC_ERROR,2026-04-03
FIS_FEE_UNPAID,CRITICAL,5706,INR25-5706,CR-103706,SunPower,SOLAR,FIS,IN_REVIEW,120,0,False,5000,False,0,False,AUTH-32811949,2026-04-12,3809.92,1190.08,Emma,Brown,Synthetic payment failure generated for RAG training - FIS_FEE_UNPAID,2026-04-12
SS_FEE_UNPAID,CRITICAL,5722,INR25-5722,CR-103722,Apex Clean Energy,ESR,FIS,READY_FOR_MODELING,33,10000,True,0,True,0,True,AUTH-22540266,2026-04-11,7979.79,2020.21,David,Jones,Synthetic payment failure generated for RAG training - SS_FEE_UNPAID,2026-04-11
PAYMENT_AMOUNT_MISMATCH,HIGH,5734,INR25-5734,CR-103734,NextEra Energy,ESR,FIS_SS,PENDING_REVIEW,45,10000,True,5000,True,7500,False,AUTH-65634541,2026-04-15,269.78,22230.22,Sarah,Davis,Synthetic payment failure generated for RAG training - PAYMENT_AMOUNT_MISMATCH,2026-04-15
FIS_FEE_UNPAID,CRITICAL,5743,INR25-5743,CR-103743,SunPower,BATTERY,FIS,READY_FOR_MODELING,64,10000,True,0,True,0,False,AUTH-60328813,2026-04-19,1314.73,8685.27,Mike,Jones,Synthetic payment failure generated for RAG training - FIS_FEE_UNPAID,2026-04-19
DUPLICATE_PAYMENT,MEDIUM,5746,INR25-5746,CR-103746,EDF Renewables,WIND,SS,IN_REVIEW,23,10000,True,0,False,7500,True,AUTH-44169957,2026-04-20,5488.11,12011.89,John,Davis,Synthetic payment failure generated for RAG training - DUPLICATE_PAYMENT,2026-04-20
ABANDONED_PENDING_REQUEST,MEDIUM,5751,INR25-5751,CR-103751,EDF Renewables,SOLAR,FIS,READY_FOR_MODELING,62,0,False,0,True,7500,True,AUTH-11539068,2026-04-20,4576.07,2923.93,Lisa,Wilson,Synthetic payment failure generated for RAG training - ABANDONED_PENDING_REQUEST,2026-04-20
ANALYSIS_FEE_OUTSTANDING,HIGH,5760,INR25-5760,CR-103760,Pattern Energy,SOLAR,FIS,READY_FOR_MODELING,23,10000,False,5000,True,7500,True,AUTH-41607297,2026-04-19,10800.23,11699.77,Emma,Smith,Synthetic payment failure generated for RAG training - ANALYSIS_FEE_OUTSTANDING,2026-04-19
PAYMENT_AMOUNT_MISMATCH,HIGH,5769,INR25-5769,CR-103769,Invenergy,CONVENTIONAL,FIS,PENDING_REVIEW,19,10000,True,0,True,0,True,AUTH-69873575,2026-04-05,5591.48,4408.52,Emma,Brown,Synthetic payment failure generated for RAG training - PAYMENT_AMOUNT_MISMATCH,2026-04-05
DUPLICATE_PAYMENT,MEDIUM,5771,INR25-5771,CR-103771,Pattern Energy,BATTERY,FIS_SS,READY_FOR_MODELING,111,10000,False,5000,True,7500,True,AUTH-39310234,2026-04-09,4091.17,18408.83,David,Brown,Synthetic payment failure generated for RAG training - DUPLICATE_PAYMENT,2026-04-09
FIS_FEE_UNPAID,CRITICAL,5783,INR25-5783,CR-103783,Apex Clean Energy,ESR,FIS_SS,IN_REVIEW,117,10000,True,0,True,0,True,AUTH-82859156,2026-04-19,3040.77,6959.23,John,Davis,Synthetic payment failure generated for RAG training - FIS_FEE_UNPAID,2026-04-19
DUPLICATE_PAYMENT,MEDIUM,5801,INR25-5801,CR-103801,Calpine,SOLAR,FIS_SS,PENDING_REVIEW,1,10000,False,5000,False,0,False,AUTH-43519297,2026-04-01,9184.12,5815.88,Lisa,Brown,Synthetic payment failure generated for RAG training - DUPLICATE_PAYMENT,2026-04-01
FIS_FEE_UNPAID,CRITICAL,5812,INR25-5812,CR-103812,Pattern Energy,ESR,FIS,PENDING_REVIEW,68,10000,False,5000,False,7500,False,AUTH-77865182,2026-04-27,2573.71,19926.29,Mike,Jones,Synthetic payment failure generated for RAG training - FIS_FEE_UNPAID,2026-04-27
ANALYSIS_FEE_OUTSTANDING,HIGH,5818,INR25-5818,CR-103818,Calpine,CONVENTIONAL,SS,READY_FOR_MODELING,67,0,True,0,True,0,True,AUTH-97768824,2026-04-21,0.0,0.0,John,Brown,Synthetic payment failure generated for RAG training - ANALYSIS_FEE_OUTSTANDING,2026-04-21
PAYMENT_AMOUNT_MISMATCH,HIGH,5847,INR25-5847,CR-103847,NextEra Energy,WIND,FIS_SS,IN_REVIEW,97,0,False,5000,True,7500,False,AUTH-99837080,2026-04-15,3012.53,9487.47,Emma,Brown,Synthetic payment failure generated for RAG training - PAYMENT_AMOUNT_MISMATCH,2026-04-15
ABANDONED_PENDING_REQUEST,MEDIUM,5848,INR25-5848,CR-103848,Apex Clean Energy,SOLAR,FIS_SS,PENDING_REVIEW,59,0,False,0,True,7500,False,AUTH-63127177,2026-04-23,4390.08,3109.92,John,Smith,Synthetic payment failure generated for RAG training - ABANDONED_PENDING_REQUEST,2026-04-23
FIS_FEE_UNPAID,CRITICAL,5851,INR25-5851,CR-103851,EDF Renewables,WIND,SS,IN_REVIEW,7,10000,False,5000,True,0,True,AUTH-64194513,2026-04-25,10694.32,4305.68,Lisa,Davis,Synthetic payment failure generated for RAG training - FIS_FEE_UNPAID,2026-04-25
PAYMENT_AMOUNT_MISMATCH,HIGH,5864,INR25-5864,CR-103864,Orion Energy,SOLAR,SS,IN_REVIEW,114,0,True,0,False,0,False,AUTH-75910139,2026-04-24,0.0,0.0,Emma,Brown,Synthetic payment failure generated for RAG training - PAYMENT_AMOUNT_MISMATCH,2026-04-24
FIS_FEE_UNPAID,CRITICAL,5876,INR25-5876,CR-103876,Vesper Energy,ESR,FIS,READY_FOR_MODELING,34,0,False,0,False,0,False,AUTH-80565605,2026-04-10,0.0,0.0,David,Jones,Synthetic payment failure generated for RAG training - FIS_FEE_UNPAID,2026-04-10
FIS_FEE_UNPAID,CRITICAL,5895,INR25-5895,CR-103895,SunPower,WIND,FIS_SS,PENDING_REVIEW,114,0,True,0,True,0,True,AUTH-38068900,2026-04-02,0.0,0.0,David,Smith,Synthetic payment failure generated for RAG training - FIS_FEE_UNPAID,2026-04-02
ANALYSIS_FEE_OUTSTANDING,HIGH,5900,INR25-5900,CR-103900,Invenergy,CONVENTIONAL,FIS,READY_FOR_MODELING,65,0,False,0,True,0,True,AUTH-15624378,2026-04-05,0.0,0.0,John,Smith,Synthetic payment failure generated for RAG training - ANALYSIS_FEE_OUTSTANDING,2026-04-05
PAYMENT_GATEWAY_SYNC_ERROR,HIGH,5927,INR25-5927,CR-103927,Clearway Energy,WIND,SS,IN_REVIEW,29,0,False,5000,False,7500,True,AUTH-58542075,2026-04-29,11927.64,572.36,Lisa,Wilson,Synthetic payment failure generated for RAG training - PAYMENT_GATEWAY_SYNC_ERROR,2026-04-29
FIS_FEE_UNPAID,CRITICAL,5929,INR25-5929,CR-103929,NextEra Energy,WIND,FIS_SS,PENDING_REVIEW,9,0,True,0,False,0,True,AUTH-75978076,2026-04-08,0.0,0.0,Mike,Brown,Synthetic payment failure generated for RAG training - FIS_FEE_UNPAID,2026-04-08
ANALYSIS_FEE_OUTSTANDING,HIGH,5940,INR25-5940,CR-103940,Vesper Energy,WIND,FIS,IN_REVIEW,41,0,False,5000,False,0,False,AUTH-65229135,2026-04-21,3263.84,1736.16,Mike,Wilson,Synthetic payment failure generated for RAG training - ANALYSIS_FEE_OUTSTANDING,2026-04-21
ABANDONED_PENDING_REQUEST,MEDIUM,5941,INR25-5941,CR-103941,Clearway Energy,WIND,FIS,READY_FOR_MODELING,103,0,True,5000,False,0,False,AUTH-37004790,2026-04-30,2683.13,2316.87,Mike,Jones,Synthetic payment failure generated for RAG training - ABANDONED_PENDING_REQUEST,2026-04-30
SS_FEE_UNPAID,CRITICAL,5944,INR25-5944,CR-103944,Pattern Energy,SOLAR,FIS,PENDING_REVIEW,67,10000,True,5000,False,7500,True,AUTH-32412612,2026-04-05,5639.26,16860.74,Lisa,Wilson,Synthetic payment failure generated for RAG training - SS_FEE_UNPAID,2026-04-05
ABANDONED_PENDING_REQUEST,MEDIUM,5965,INR25-5965,CR-103965,Clearway Energy,CONVENTIONAL,FIS,IN_REVIEW,34,0,False,5000,True,0,False,AUTH-52029731,2026-04-28,438.46,4561.54,John,Davis,Synthetic payment failure generated for RAG training - ABANDONED_PENDING_REQUEST,2026-04-28
SS_FEE_UNPAID,CRITICAL,5992,INR25-5992,CR-103992,NextEra Energy,SOLAR,SS,PENDING_REVIEW,57,10000,False,0,False,7500,True,AUTH-98046344,2026-04-22,5840.38,11659.62,Mike,Jones,Synthetic payment failure generated for RAG training - SS_FEE_UNPAID,2026-04-22
ANALYSIS_FEE_OUTSTANDING,HIGH,5999,INR25-5999,CR-103999,Pattern Energy,ESR,FIS,IN_REVIEW,4,10000,False,0,False,7500,False,AUTH-99426305,2026-04-27,7626.18,9873.82,Lisa,Jones,Synthetic payment failure generated for RAG training - ANALYSIS_FEE_OUTSTANDING,2026-04-27
ABANDONED_PENDING_REQUEST,MEDIUM,6004,INR25-6004,CR-104004,Pattern Energy,BATTERY,FIS_SS,PENDING_REVIEW,115,0,False,5000,True,7500,False,AUTH-78444697,2026-04-05,10007.89,2492.11,Mike,Smith,Synthetic payment failure generated for RAG training - ABANDONED_PENDING_REQUEST,2026-04-05
SS_FEE_UNPAID,CRITICAL,6017,INR25-6017,CR-104017,Apex Clean Energy,ESR,FIS_SS,PENDING_REVIEW,14,10000,False,5000,False,7500,False,AUTH-85466170,2026-04-26,20103.73,2396.27,Emma,Smith,Synthetic payment failure generated for RAG training - SS_FEE_UNPAID,2026-04-26
FIS_FEE_UNPAID,CRITICAL,6023,INR25-6023,CR-104023,Apex Clean Energy,WIND,FIS_SS,PENDING_REVIEW,51,0,False,0,False,0,True,AUTH-87556408,2026-04-29,0.0,0.0,David,Davis,Synthetic payment failure generated for RAG training - FIS_FEE_UNPAID,2026-04-29
PAYMENT_GATEWAY_SYNC_ERROR,HIGH,6053,INR25-6053,CR-104053,NextEra Energy,CONVENTIONAL,FIS,READY_FOR_MODELING,101,10000,False,0,True,7500,False,AUTH-42998725,2026-04-12,16867.23,632.77,Lisa,Wilson,Synthetic payment failure generated for RAG training - PAYMENT_GATEWAY_SYNC_ERROR,2026-04-12
ABANDONED_PENDING_REQUEST,MEDIUM,6066,INR25-6066,CR-104066,EDF Renewables,ESR,FIS,READY_FOR_MODELING,52,0,False,5000,False,0,False,AUTH-51100087,2026-04-03,4804.06,195.94,John,Davis,Synthetic payment failure generated for RAG training - ABANDONED_PENDING_REQUEST,2026-04-03
PAYMENT_GATEWAY_SYNC_ERROR,HIGH,6075,INR25-6075,CR-104075,EDF Renewables,ESR,SS,IN_REVIEW,27,10000,True,5000,True,0,True,AUTH-15614981,2026-04-26,10073.11,4926.89,Sarah,Smith,Synthetic payment failure generated for RAG training - PAYMENT_GATEWAY_SYNC_ERROR,2026-04-26
ABANDONED_PENDING_REQUEST,MEDIUM,6077,INR25-6077,CR-104077,Invenergy,SOLAR,SS,READY_FOR_MODELING,45,0,True,5000,True,0,False,AUTH-99091491,2026-04-19,4136.11,863.89,Emma,Wilson,Synthetic payment failure generated for RAG training - ABANDONED_PENDING_REQUEST,2026-04-19
ABANDONED_PENDING_REQUEST,MEDIUM,6111,INR25-6111,CR-104111,Clearway Energy,WIND,SS,READY_FOR_MODELING,119,10000,False,0,True,7500,True,AUTH-78983526,2026-04-27,4605.58,12894.42,Sarah,Brown,Synthetic payment failure generated for RAG training - ABANDONED_PENDING_REQUEST,2026-04-27
PAYMENT_AMOUNT_MISMATCH,HIGH,6114,INR25-6114,CR-104114,Vesper Energy,SOLAR,SS,PENDING_REVIEW,55,0,False,5000,False,7500,True,AUTH-78211636,2026-04-17,12892.91,0.0,Emma,Wilson,Synthetic payment failure generated for RAG training - PAYMENT_AMOUNT_MISMATCH,2026-04-17
PAYMENT_GATEWAY_SYNC_ERROR,HIGH,6122,INR25-6122,CR-104122,SunPower,ESR,FIS,READY_FOR_MODELING,74,0,True,0,True,7500,True,AUTH-24132972,2026-04-12,4876.05,2623.95,Lisa,Davis,Synthetic payment failure generated for RAG training - PAYMENT_GATEWAY_SYNC_ERROR,2026-04-12
DUPLICATE_PAYMENT,MEDIUM,6176,INR25-6176,CR-104176,Orion Energy,CONVENTIONAL,FIS_SS,IN_REVIEW,119,10000,True,5000,True,7500,False,AUTH-49572662,2026-04-29,14416.81,8083.19,Mike,Brown,Synthetic payment failure generated for RAG training - DUPLICATE_PAYMENT,2026-04-29
DUPLICATE_PAYMENT,MEDIUM,6183,INR25-6183,CR-104183,Apex Clean Energy,WIND,FIS_SS,IN_REVIEW,48,10000,True,5000,False,0,True,AUTH-59127153,2026-04-12,10270.37,4729.63,Mike,Wilson,Synthetic payment failure generated for RAG training - DUPLICATE_PAYMENT,2026-04-12
PAYMENT_GATEWAY_SYNC_ERROR,HIGH,6191,INR25-6191,CR-104191,EDF Renewables,ESR,SS,PENDING_REVIEW,32,10000,False,0,True,7500,True,AUTH-60155055,2026-04-24,3020.1,14479.9,Lisa,Wilson,Synthetic payment failure generated for RAG training - PAYMENT_GATEWAY_SYNC_ERROR,2026-04-24
ABANDONED_PENDING_REQUEST,MEDIUM,6224,INR25-6224,CR-104224,Invenergy,CONVENTIONAL,FIS,IN_REVIEW,8,10000,False,0,True,7500,False,AUTH-28833128,2026-04-05,1785.26,15714.74,John,Smith,Synthetic payment failure generated for RAG training - ABANDONED_PENDING_REQUEST,2026-04-05
ABANDONED_PENDING_REQUEST,MEDIUM,6232,INR25-6232,CR-104232,Orion Energy,BATTERY,FIS,READY_FOR_MODELING,96,10000,False,5000,True,0,True,AUTH-83832231,2026-04-05,7722.63,7277.37,Lisa,Brown,Synthetic payment failure generated for RAG training - ABANDONED_PENDING_REQUEST,2026-04-05
DUPLICATE_PAYMENT,MEDIUM,6239,INR25-6239,CR-104239,SunPower,CONVENTIONAL,FIS,PENDING_REVIEW,21,0,True,0,True,0,False,AUTH-98199654,2026-04-04,0.0,0.0,Emma,Wilson,Synthetic payment failure generated for RAG training - DUPLICATE_PAYMENT,2026-04-04
FIS_FEE_UNPAID,CRITICAL,6240,INR25-6240,CR-104240,Calpine,CONVENTIONAL,FIS,PENDING_REVIEW,70,0,True,5000,False,0,True,AUTH-58632701,2026-04-22,1121.6,3878.4,Lisa,Wilson,Synthetic payment failure generated for RAG training - FIS_FEE_UNPAID,2026-04-22
SS_FEE_UNPAID,CRITICAL,6250,INR25-6250,CR-104250,SunPower,ESR,SS,READY_FOR_MODELING,101,10000,True,0,True,0,False,AUTH-57671437,2026-04-30,10024.53,0.0,Lisa,Smith,Synthetic payment failure generated for RAG training - SS_FEE_UNPAID,2026-04-30
DUPLICATE_PAYMENT,MEDIUM,6272,INR25-6272,CR-104272,Clearway Energy,CONVENTIONAL,FIS,IN_REVIEW,47,10000,True,5000,False,0,True,AUTH-33523325,2026-04-12,9443.74,5556.26,John,Smith,Synthetic payment failure generated for RAG training - DUPLICATE_PAYMENT,2026-04-12
ANALYSIS_FEE_OUTSTANDING,HIGH,6278,INR25-6278,CR-104278,Clearway Energy,BATTERY,SS,READY_FOR_MODELING,84,0,False,0,True,7500,False,AUTH-91388675,2026-04-25,7690.85,0.0,Lisa,Smith,Synthetic payment failure generated for RAG training - ANALYSIS_FEE_OUTSTANDING,2026-04-25
FIS_FEE_UNPAID,CRITICAL,6281,INR25-6281,CR-104281,Calpine,WIND,FIS_SS,READY_FOR_MODELING,86,0,True,0,False,7500,True,AUTH-60096819,2026-04-19,1571.35,5928.65,Emma,Jones,Synthetic payment failure generated for RAG training - FIS_FEE_UNPAID,2026-04-19
PAYMENT_AMOUNT_MISMATCH,HIGH,6290,INR25-6290,CR-104290,Calpine,CONVENTIONAL,FIS,IN_REVIEW,46,0,False,0,True,7500,False,AUTH-44502489,2026-04-11,2107.49,5392.51,Emma,Jones,Synthetic payment failure generated for RAG training - PAYMENT_AMOUNT_MISMATCH,2026-04-11
ABANDONED_PENDING_REQUEST,MEDIUM,6291,INR25-6291,CR-104291,EDF Renewables,BATTERY,FIS_SS,READY_FOR_MODELING,73,10000,True,0,True,7500,False,AUTH-47583647,2026-04-07,19027.78,0.0,Mike,Brown,Synthetic payment failure generated for RAG training - ABANDONED_PENDING_REQUEST,2026-04-07
FIS_FEE_UNPAID,CRITICAL,6308,INR25-6308,CR-104308,Pattern Energy,ESR,SS,IN_REVIEW,103,10000,True,5000,True,7500,False,AUTH-96611720,2026-04-01,13315.93,9184.07,David,Wilson,Synthetic payment failure generated for RAG training - FIS_FEE_UNPAID,2026-04-01
PAYMENT_GATEWAY_SYNC_ERROR,HIGH,6333,INR25-6333,CR-104333,Clearway Energy,CONVENTIONAL,FIS_SS,PENDING_REVIEW,118,10000,False,5000,True,7500,False,AUTH-41045613,2026-04-05,15640.04,6859.96,Mike,Davis,Synthetic payment failure generated for RAG training - PAYMENT_GATEWAY_SYNC_ERROR,2026-04-05
FIS_FEE_UNPAID,CRITICAL,6334,INR25-6334,CR-104334,Orion Energy,CONVENTIONAL,SS,IN_REVIEW,81,10000,False,5000,False,0,False,AUTH-27600560,2026-04-19,4251.73,10748.27,Lisa,Jones,Synthetic payment failure generated for RAG training - FIS_FEE_UNPAID,2026-04-19
SS_FEE_UNPAID,CRITICAL,6347,INR25-6347,CR-104347,Apex Clean Energy,ESR,FIS,PENDING_REVIEW,97,10000,False,5000,False,7500,True,AUTH-51859649,2026-04-12,16575.87,5924.13,Mike,Jones,Synthetic payment failure generated for RAG training - SS_FEE_UNPAID,2026-04-12
DUPLICATE_PAYMENT,MEDIUM,6349,INR25-6349,CR-104349,NextEra Energy,WIND,SS,READY_FOR_MODELING,38,10000,True,5000,False,7500,True,AUTH-57853401,2026-04-04,13910.34,8589.66,Lisa,Wilson,Synthetic payment failure generated for RAG training - DUPLICATE_PAYMENT,2026-04-04
PAYMENT_GATEWAY_SYNC_ERROR,HIGH,6359,INR25-6359,CR-104359,EDF Renewables,ESR,SS,PENDING_REVIEW,19,0,False,0,True,0,False,AUTH-64612684,2026-04-29,0.0,0.0,Emma,Jones,Synthetic payment failure generated for RAG training - PAYMENT_GATEWAY_SYNC_ERROR,2026-04-29
SS_FEE_UNPAID,CRITICAL,6360,INR25-6360,CR-104360,Apex Clean Energy,WIND,SS,PENDING_REVIEW,30,10000,False,5000,True,0,True,AUTH-43752119,2026-04-16,14762.31,237.69,Emma,Wilson,Synthetic payment failure generated for RAG training - SS_FEE_UNPAID,2026-04-16
ANALYSIS_FEE_OUTSTANDING,HIGH,6366,INR25-6366,CR-104366,Orion Energy,SOLAR,FIS,READY_FOR_MODELING,59,0,False,5000,False,0,False,AUTH-37343026,2026-04-25,69.29,4930.71,Emma,Davis,Synthetic payment failure generated for RAG training - ANALYSIS_FEE_OUTSTANDING,2026-04-25
PAYMENT_AMOUNT_MISMATCH,HIGH,6372,INR25-6372,CR-104372,EDF Renewables,ESR,FIS_SS,IN_REVIEW,4,0,False,0,True,0,False,AUTH-23879062,2026-04-19,0.0,0.0,Mike,Wilson,Synthetic payment failure generated for RAG training - PAYMENT_AMOUNT_MISMATCH,2026-04-19
PAYMENT_AMOUNT_MISMATCH,HIGH,6375,INR25-6375,CR-104375,Clearway Energy,SOLAR,FIS_SS,READY_FOR_MODELING,16,10000,False,5000,False,7500,False,AUTH-18601187,2026-04-11,8996.9,13503.1,David,Brown,Synthetic payment failure generated for RAG training - PAYMENT_AMOUNT_MISMATCH,2026-04-11
DUPLICATE_PAYMENT,MEDIUM,6390,INR25-6390,CR-104390,Clearway Energy,BATTERY,FIS,IN_REVIEW,2,0,True,5000,False,0,True,AUTH-57788285,2026-04-13,4207.67,792.33,Emma,Davis,Synthetic payment failure generated for RAG training - DUPLICATE_PAYMENT,2026-04-13
SS_FEE_UNPAID,CRITICAL,6397,INR25-6397,CR-104397,Orion Energy,SOLAR,SS,IN_REVIEW,69,10000,False,5000,True,7500,False,AUTH-13130904,2026-04-13,24591.94,0.0,John,Smith,Synthetic payment failure generated for RAG training - SS_FEE_UNPAID,2026-04-13
PAYMENT_GATEWAY_SYNC_ERROR,HIGH,6401,INR25-6401,CR-104401,NextEra Energy,BATTERY,SS,READY_FOR_MODELING,4,0,True,5000,False,7500,True,AUTH-65070989,2026-04-02,351.39,12148.61,Emma,Smith,Synthetic payment failure generated for RAG training - PAYMENT_GATEWAY_SYNC_ERROR,2026-04-02
FIS_FEE_UNPAID,CRITICAL,6420,INR25-6420,CR-104420,Clearway Energy,WIND,FIS,IN_REVIEW,67,0,False,5000,False,0,True,AUTH-76381288,2026-04-26,4474.27,525.73,Lisa,Jones,Synthetic payment failure generated for RAG training - FIS_FEE_UNPAID,2026-04-26
ABANDONED_PENDING_REQUEST,MEDIUM,6445,INR25-6445,CR-104445,Orion Energy,SOLAR,FIS_SS,READY_FOR_MODELING,53,10000,False,5000,False,0,True,AUTH-89851568,2026-04-19,12.1,14987.9,Emma,Wilson,Synthetic payment failure generated for RAG training - ABANDONED_PENDING_REQUEST,2026-04-19
PAYMENT_AMOUNT_MISMATCH,HIGH,6460,INR25-6460,CR-104460,Orion Energy,CONVENTIONAL,FIS_SS,PENDING_REVIEW,23,0,True,0,True,0,False,AUTH-81105437,2026-04-11,0.0,0.0,David,Jones,Synthetic payment failure generated for RAG training - PAYMENT_AMOUNT_MISMATCH,2026-04-11
FIS_FEE_UNPAID,CRITICAL,6469,INR25-6469,CR-104469,Orion Energy,ESR,FIS_SS,READY_FOR_MODELING,25,10000,True,5000,True,0,True,AUTH-16571306,2026-04-22,6236.65,8763.35,Sarah,Smith,Synthetic payment failure generated for RAG training - FIS_FEE_UNPAID,2026-04-22
SS_FEE_UNPAID,CRITICAL,6501,INR25-6501,CR-104501,Vesper Energy,CONVENTIONAL,FIS,IN_REVIEW,81,0,True,5000,False,7500,False,AUTH-26731267,2026-04-07,10962.58,1537.42,John,Wilson,Synthetic payment failure generated for RAG training - SS_FEE_UNPAID,2026-04-07
DUPLICATE_PAYMENT,MEDIUM,6516,INR25-6516,CR-104516,SunPower,BATTERY,SS,PENDING_REVIEW,1,0,False,0,False,0,True,AUTH-33773615,2026-04-16,0.0,0.0,Mike,Wilson,Synthetic payment failure generated for RAG training - DUPLICATE_PAYMENT,2026-04-16
ANALYSIS_FEE_OUTSTANDING,HIGH,6519,INR25-6519,CR-104519,Clearway Energy,BATTERY,FIS,READY_FOR_MODELING,57,10000,False,5000,True,0,False,AUTH-78843158,2026-04-30,8793.79,6206.21,Emma,Davis,Synthetic payment failure generated for RAG training - ANALYSIS_FEE_OUTSTANDING,2026-04-30
DUPLICATE_PAYMENT,MEDIUM,6522,INR25-6522,CR-104522,Vesper Energy,BATTERY,FIS,READY_FOR_MODELING,119,0,False,5000,False,7500,True,AUTH-73107758,2026-04-15,52.6,12447.4,Sarah,Brown,Synthetic payment failure generated for RAG training - DUPLICATE_PAYMENT,2026-04-15
FIS_FEE_UNPAID,CRITICAL,6549,INR25-6549,CR-104549,Apex Clean Energy,WIND,FIS_SS,READY_FOR_MODELING,67,10000,True,0,False,0,False,AUTH-95143217,2026-04-05,5582.57,4417.43,David,Smith,Synthetic payment failure generated for RAG training - FIS_FEE_UNPAID,2026-04-05
FIS_FEE_UNPAID,CRITICAL,6552,INR25-6552,CR-104552,Invenergy,SOLAR,FIS_SS,PENDING_REVIEW,4,0,True,5000,False,7500,True,AUTH-30764224,2026-04-11,943.59,11556.41,David,Smith,Synthetic payment failure generated for RAG training - FIS_FEE_UNPAID,2026-04-11
PAYMENT_AMOUNT_MISMATCH,HIGH,6584,INR25-6584,CR-104584,EDF Renewables,BATTERY,FIS_SS,READY_FOR_MODELING,74,0,False,0,False,7500,True,AUTH-91559670,2026-04-22,3891.84,3608.16,John,Smith,Synthetic payment failure generated for RAG training - PAYMENT_AMOUNT_MISMATCH,2026-04-22
FIS_FEE_UNPAID,CRITICAL,6609,INR25-6609,CR-104609,Clearway Energy,CONVENTIONAL,FIS_SS,PENDING_REVIEW,106,10000,True,5000,False,0,True,AUTH-10292914,2026-04-24,14082.77,917.23,Sarah,Smith,Synthetic payment failure generated for RAG training - FIS_FEE_UNPAID,2026-04-24
ABANDONED_PENDING_REQUEST,MEDIUM,6611,INR25-6611,CR-104611,Invenergy,ESR,SS,PENDING_REVIEW,7,10000,True,0,False,0,False,AUTH-42286430,2026-04-27,2076.98,7923.02,Emma,Smith,Synthetic payment failure generated for RAG training - ABANDONED_PENDING_REQUEST,2026-04-27
FIS_FEE_UNPAID,CRITICAL,6633,INR25-6633,CR-104633,Clearway Energy,ESR,FIS,PENDING_REVIEW,7,0,False,5000,True,0,False,AUTH-26777656,2026-04-12,4427.12,572.88,Mike,Brown,Synthetic payment failure generated for RAG training - FIS_FEE_UNPAID,2026-04-12
ANALYSIS_FEE_OUTSTANDING,HIGH,6655,INR25-6655,CR-104655,Vesper Energy,WIND,FIS,IN_REVIEW,23,0,True,0,True,7500,True,AUTH-97459142,2026-04-26,3742.57,3757.43,Emma,Brown,Synthetic payment failure generated for RAG training - ANALYSIS_FEE_OUTSTANDING,2026-04-26
ANALYSIS_FEE_OUTSTANDING,HIGH,6669,INR25-6669,CR-104669,EDF Renewables,ESR,FIS,PENDING_REVIEW,91,0,True,0,False,0,False,AUTH-70088812,2026-04-18,0.0,0.0,Mike,Brown,Synthetic payment failure generated for RAG training - ANALYSIS_FEE_OUTSTANDING,2026-04-18
PAYMENT_GATEWAY_SYNC_ERROR,HIGH,6679,INR25-6679,CR-104679,Invenergy,SOLAR,SS,READY_FOR_MODELING,45,0,False,0,False,0,True,AUTH-60314741,2026-04-02,0.0,0.0,David,Brown,Synthetic payment failure generated for RAG training - PAYMENT_GATEWAY_SYNC_ERROR,2026-04-02
SS_FEE_UNPAID,CRITICAL,6681,INR25-6681,CR-104681,Orion Energy,WIND,FIS,PENDING_REVIEW,26,0,True,0,False,7500,False,AUTH-63860725,2026-04-10,1673.72,5826.28,Sarah,Smith,Synthetic payment failure generated for RAG training - SS_FEE_UNPAID,2026-04-10
ABANDONED_PENDING_REQUEST,MEDIUM,6700,INR25-6700,CR-104700,Invenergy,WIND,SS,READY_FOR_MODELING,68,0,False,5000,False,0,False,AUTH-51904128,2026-04-08,4961.98,38.02,Emma,Davis,Synthetic payment failure generated for RAG training - ABANDONED_PENDING_REQUEST,2026-04-08
FIS_FEE_UNPAID,CRITICAL,6721,INR25-6721,CR-104721,Calpine,CONVENTIONAL,SS,PENDING_REVIEW,89,0,True,5000,False,0,False,AUTH-15252871,2026-04-06,1218.61,3781.39,Lisa,Smith,Synthetic payment failure generated for RAG training - FIS_FEE_UNPAID,2026-04-06
ANALYSIS_FEE_OUTSTANDING,HIGH,6738,INR25-6738,CR-104738,Apex Clean Energy,SOLAR,FIS,IN_REVIEW,110,10000,True,0,True,7500,True,AUTH-40768246,2026-04-12,17947.88,0.0,Sarah,Smith,Synthetic payment failure generated for RAG training - ANALYSIS_FEE_OUTSTANDING,2026-04-12
ABANDONED_PENDING_REQUEST,MEDIUM,6757,INR25-6757,CR-104757,Vesper Energy,ESR,SS,IN_REVIEW,18,10000,False,0,False,7500,True,AUTH-46615576,2026-04-25,10484.36,7015.64,John,Davis,Synthetic payment failure generated for RAG training - ABANDONED_PENDING_REQUEST,2026-04-25
PAYMENT_AMOUNT_MISMATCH,HIGH,6772,INR25-6772,CR-104772,Orion Energy,WIND,FIS_SS,READY_FOR_MODELING,56,10000,True,0,True,0,True,AUTH-40445320,2026-04-04,4952.64,5047.36,Emma,Brown,Synthetic payment failure generated for RAG training - PAYMENT_AMOUNT_MISMATCH,2026-04-04
DUPLICATE_PAYMENT,MEDIUM,6790,INR25-6790,CR-104790,Invenergy,CONVENTIONAL,SS,IN_REVIEW,16,10000,False,0,True,0,False,AUTH-24875461,2026-04-12,5219.81,4780.19,David,Brown,Synthetic payment failure generated for RAG training - DUPLICATE_PAYMENT,2026-04-12
DUPLICATE_PAYMENT,MEDIUM,6804,INR25-6804,CR-104804,Orion Energy,CONVENTIONAL,FIS,IN_REVIEW,27,0,True,5000,False,7500,True,AUTH-42535409,2026-04-24,11342.63,1157.37,Mike,Davis,Synthetic payment failure generated for RAG training - DUPLICATE_PAYMENT,2026-04-24
PAYMENT_GATEWAY_SYNC_ERROR,HIGH,6831,INR25-6831,CR-104831,Orion Energy,SOLAR,FIS,PENDING_REVIEW,28,0,False,5000,False,0,False,AUTH-69701121,2026-04-14,2915.89,2084.11,Sarah,Davis,Synthetic payment failure generated for RAG training - PAYMENT_GATEWAY_SYNC_ERROR,2026-04-14
SS_FEE_UNPAID,CRITICAL,6853,INR25-6853,CR-104853,SunPower,CONVENTIONAL,FIS_SS,IN_REVIEW,60,0,True,5000,True,7500,False,AUTH-44502752,2026-04-05,12104.94,395.06,David,Wilson,Synthetic payment failure generated for RAG training - SS_FEE_UNPAID,2026-04-05
PAYMENT_GATEWAY_SYNC_ERROR,HIGH,6868,INR25-6868,CR-104868,Calpine,BATTERY,SS,PENDING_REVIEW,85,10000,False,0,True,7500,False,AUTH-88773001,2026-04-07,144.1,17355.9,Lisa,Smith,Synthetic payment failure generated for RAG training - PAYMENT_GATEWAY_SYNC_ERROR,2026-04-07
FIS_FEE_UNPAID,CRITICAL,6913,INR25-6913,CR-104913,Pattern Energy,CONVENTIONAL,SS,PENDING_REVIEW,116,0,True,0,True,7500,False,AUTH-14505250,2026-04-26,1002.36,6497.64,Mike,Smith,Synthetic payment failure generated for RAG training - FIS_FEE_UNPAID,2026-04-26
ABANDONED_PENDING_REQUEST,MEDIUM,6929,INR25-6929,CR-104929,Orion Energy,WIND,FIS,READY_FOR_MODELING,58,10000,True,0,True,7500,True,AUTH-76775582,2026-04-12,14267.2,3232.8,David,Smith,Synthetic payment failure generated for RAG training - ABANDONED_PENDING_REQUEST,2026-04-12
PAYMENT_AMOUNT_MISMATCH,HIGH,6944,INR25-6944,CR-104944,Pattern Energy,SOLAR,FIS,PENDING_REVIEW,79,0,True,0,False,7500,True,AUTH-17399249,2026-04-06,2895.18,4604.82,Emma,Davis,Synthetic payment failure generated for RAG training - PAYMENT_AMOUNT_MISMATCH,2026-04-06
PAYMENT_GATEWAY_SYNC_ERROR,HIGH,6948,INR25-6948,CR-104948,SunPower,BATTERY,SS,IN_REVIEW,32,10000,False,5000,True,0,False,AUTH-19403965,2026-04-21,11547.14,3452.86,John,Wilson,Synthetic payment failure generated for RAG training - PAYMENT_GATEWAY_SYNC_ERROR,2026-04-21
PAYMENT_AMOUNT_MISMATCH,HIGH,6989,INR25-6989,CR-104989,SunPower,SOLAR,SS,IN_REVIEW,13,10000,False,0,True,7500,False,AUTH-19359552,2026-04-02,11210.78,6289.22,Emma,Smith,Synthetic payment failure generated for RAG training - PAYMENT_AMOUNT_MISMATCH,2026-04-02
PAYMENT_GATEWAY_SYNC_ERROR,HIGH,6993,INR25-6993,CR-104993,Vesper Energy,CONVENTIONAL,FIS_SS,READY_FOR_MODELING,74,10000,False,0,True,7500,True,AUTH-34797220,2026-04-30,3872.16,13627.84,Emma,Davis,Synthetic payment failure generated for RAG training - PAYMENT_GATEWAY_SYNC_ERROR,2026-04-30
